elapsed_s,phase,arms_ma,head_ma,total_ma
0.003,simultaneous_pose,0.0,0.0,0.0
0.006,simultaneous_pose,0.0,6.5,6.5
0.008,simultaneous_pose,0.0,6.5,6.5
0.011,simultaneous_pose,0.0,0.0,0.0
0.014,simultaneous_pose,0.0,0.0,0.0
0.016,simultaneous_pose,0.0,6.5,6.5
0.019,simultaneous_pose,13.0,0.0,13.0
0.022,simultaneous_pose,13.0,0.0,13.0
0.025,simultaneous_pose,19.5,0.0,19.5
0.027,simultaneous_pose,13.0,0.0,13.0
0.03,simultaneous_pose,45.5,0.0,45.5
0.033,simultaneous_pose,19.5,0.0,19.5
0.036,simultaneous_pose,39.0,0.0,39.0
0.039,simultaneous_pose,52.0,0.0,52.0
0.041,simultaneous_pose,71.5,6.5,78.0
0.045,simultaneous_pose,78.0,0.0,78.0
0.047,simultaneous_pose,65.0,0.0,65.0
0.05,simultaneous_pose,84.5,0.0,84.5
0.053,simultaneous_pose,71.5,0.0,71.5
0.056,simultaneous_pose,91.0,0.0,91.0
0.059,simultaneous_pose,84.5,0.0,84.5
0.061,simultaneous_pose,97.5,0.0,97.5
0.064,simultaneous_pose,117.0,0.0,117.0
0.066,simultaneous_pose,123.5,6.5,130.0
0.069,simultaneous_pose,130.0,0.0,130.0
0.072,simultaneous_pose,130.0,0.0,130.0
0.075,simultaneous_pose,117.0,0.0,117.0
0.077,simultaneous_pose,136.5,0.0,136.5
0.08,simultaneous_pose,123.5,0.0,123.5
0.083,simultaneous_pose,143.0,0.0,143.0
0.085,simultaneous_pose,169.0,0.0,169.0
0.088,simultaneous_pose,175.5,0.0,175.5
0.091,simultaneous_pose,149.5,0.0,149.5
0.093,simultaneous_pose,149.5,0.0,149.5
0.096,simultaneous_pose,149.5,0.0,149.5
0.098,simultaneous_pose,136.5,0.0,136.5
0.101,simultaneous_pose,169.0,0.0,169.0
0.104,simultaneous_pose,156.0,0.0,156.0
0.106,simultaneous_pose,162.5,0.0,162.5
0.109,simultaneous_pose,149.5,0.0,149.5
0.112,simultaneous_pose,156.0,0.0,156.0
0.114,simultaneous_pose,156.0,0.0,156.0
0.117,simultaneous_pose,195.0,0.0,195.0
0.12,simultaneous_pose,162.5,0.0,162.5
0.122,simultaneous_pose,188.5,0.0,188.5
0.125,simultaneous_pose,182.0,0.0,182.0
0.127,simultaneous_pose,221.0,0.0,221.0
0.13,simultaneous_pose,188.5,0.0,188.5
0.133,simultaneous_pose,195.0,0.0,195.0
0.135,simultaneous_pose,188.5,0.0,188.5
0.138,simultaneous_pose,188.5,0.0,188.5
0.14,simultaneous_pose,188.5,0.0,188.5
0.143,simultaneous_pose,195.0,0.0,195.0
0.145,simultaneous_pose,240.5,0.0,240.5
0.148,simultaneous_pose,195.0,6.5,201.5
0.151,simultaneous_pose,266.5,6.5,273.0
0.153,simultaneous_pose,240.5,0.0,240.5
0.156,simultaneous_pose,227.5,0.0,227.5
0.158,simultaneous_pose,266.5,0.0,266.5
0.161,simultaneous_pose,227.5,6.5,234.0
0.164,simultaneous_pose,240.5,0.0,240.5
0.166,simultaneous_pose,234.0,0.0,234.0
0.169,simultaneous_pose,240.5,0.0,240.5
0.171,simultaneous_pose,221.0,0.0,221.0
0.174,simultaneous_pose,240.5,0.0,240.5
0.177,simultaneous_pose,221.0,0.0,221.0
0.179,simultaneous_pose,234.0,0.0,234.0
0.182,simultaneous_pose,253.5,0.0,253.5
0.184,simultaneous_pose,273.0,0.0,273.0
0.187,simultaneous_pose,247.0,0.0,247.0
0.19,simultaneous_pose,266.5,0.0,266.5
0.192,simultaneous_pose,312.0,0.0,312.0
0.195,simultaneous_pose,292.5,0.0,292.5
0.197,simultaneous_pose,247.0,0.0,247.0
0.2,simultaneous_pose,273.0,0.0,273.0
0.202,simultaneous_pose,286.0,0.0,286.0
0.205,simultaneous_pose,305.5,0.0,305.5
0.208,simultaneous_pose,279.5,0.0,279.5
0.21,simultaneous_pose,305.5,0.0,305.5
0.213,simultaneous_pose,266.5,0.0,266.5
0.215,simultaneous_pose,240.5,0.0,240.5
0.218,simultaneous_pose,253.5,0.0,253.5
0.22,simultaneous_pose,273.0,0.0,273.0
0.223,simultaneous_pose,344.5,0.0,344.5
0.226,simultaneous_pose,292.5,0.0,292.5
0.228,simultaneous_pose,286.0,0.0,286.0
0.231,simultaneous_pose,318.5,0.0,318.5
0.233,simultaneous_pose,299.0,0.0,299.0
0.236,simultaneous_pose,312.0,0.0,312.0
0.238,simultaneous_pose,312.0,0.0,312.0
0.241,simultaneous_pose,312.0,0.0,312.0
0.244,simultaneous_pose,273.0,0.0,273.0
0.246,simultaneous_pose,305.5,0.0,305.5
0.249,simultaneous_pose,286.0,0.0,286.0
0.251,simultaneous_pose,299.0,0.0,299.0
0.254,simultaneous_pose,325.0,0.0,325.0
0.256,simultaneous_pose,299.0,0.0,299.0
0.259,simultaneous_pose,312.0,0.0,312.0
0.262,simultaneous_pose,325.0,0.0,325.0
0.264,simultaneous_pose,338.0,0.0,338.0
0.267,simultaneous_pose,344.5,0.0,344.5
0.269,simultaneous_pose,344.5,0.0,344.5
0.272,simultaneous_pose,351.0,0.0,351.0
0.274,simultaneous_pose,396.5,0.0,396.5
0.277,simultaneous_pose,377.0,6.5,383.5
0.28,simultaneous_pose,338.0,0.0,338.0
0.282,simultaneous_pose,370.5,0.0,370.5
0.285,simultaneous_pose,331.5,0.0,331.5
0.287,simultaneous_pose,325.0,0.0,325.0
0.29,simultaneous_pose,331.5,0.0,331.5
0.292,simultaneous_pose,325.0,0.0,325.0
0.295,simultaneous_pose,351.0,0.0,351.0
0.298,simultaneous_pose,344.5,0.0,344.5
0.3,simultaneous_pose,338.0,6.5,344.5
0.303,simultaneous_pose,318.5,6.5,325.0
0.305,simultaneous_pose,344.5,0.0,344.5
0.308,simultaneous_pose,377.0,0.0,377.0
0.31,simultaneous_pose,357.5,6.5,364.0
0.313,simultaneous_pose,370.5,6.5,377.0
0.316,simultaneous_pose,357.5,0.0,357.5
0.318,simultaneous_pose,377.0,0.0,377.0
0.321,simultaneous_pose,396.5,0.0,396.5
0.323,simultaneous_pose,370.5,0.0,370.5
0.326,simultaneous_pose,383.5,0.0,383.5
0.328,simultaneous_pose,377.0,0.0,377.0
0.331,simultaneous_pose,357.5,0.0,357.5
0.334,simultaneous_pose,435.5,0.0,435.5
0.336,simultaneous_pose,403.0,0.0,403.0
0.339,simultaneous_pose,377.0,0.0,377.0
0.341,simultaneous_pose,396.5,0.0,396.5
0.344,simultaneous_pose,396.5,0.0,396.5
0.346,simultaneous_pose,377.0,0.0,377.0
0.349,simultaneous_pose,364.0,6.5,370.5
0.352,simultaneous_pose,390.0,0.0,390.0
0.354,simultaneous_pose,377.0,0.0,377.0
0.357,simultaneous_pose,422.5,0.0,422.5
0.359,simultaneous_pose,390.0,0.0,390.0
0.362,simultaneous_pose,364.0,6.5,370.5
0.364,simultaneous_pose,364.0,0.0,364.0
0.367,simultaneous_pose,396.5,0.0,396.5
0.37,simultaneous_pose,409.5,0.0,409.5
0.372,simultaneous_pose,364.0,0.0,364.0
0.375,simultaneous_pose,364.0,0.0,364.0
0.377,simultaneous_pose,357.5,0.0,357.5
0.38,simultaneous_pose,344.5,0.0,344.5
0.382,simultaneous_pose,383.5,0.0,383.5
0.385,simultaneous_pose,338.0,0.0,338.0
0.388,simultaneous_pose,344.5,0.0,344.5
0.39,simultaneous_pose,338.0,0.0,338.0
0.393,simultaneous_pose,344.5,0.0,344.5
0.395,simultaneous_pose,318.5,0.0,318.5
0.398,simultaneous_pose,325.0,6.5,331.5
0.4,simultaneous_pose,331.5,6.5,338.0
0.403,simultaneous_pose,331.5,0.0,331.5
0.406,simultaneous_pose,286.0,6.5,292.5
0.408,simultaneous_pose,325.0,0.0,325.0
0.411,simultaneous_pose,292.5,0.0,292.5
0.413,simultaneous_pose,318.5,0.0,318.5
0.416,simultaneous_pose,325.0,0.0,325.0
0.418,simultaneous_pose,305.5,0.0,305.5
0.421,simultaneous_pose,305.5,0.0,305.5
0.424,simultaneous_pose,266.5,0.0,266.5
0.426,simultaneous_pose,279.5,0.0,279.5
0.429,simultaneous_pose,279.5,0.0,279.5
0.431,simultaneous_pose,279.5,6.5,286.0
0.434,simultaneous_pose,266.5,0.0,266.5
0.436,simultaneous_pose,279.5,6.5,286.0
0.439,simultaneous_pose,312.0,0.0,312.0
0.442,simultaneous_pose,305.5,0.0,305.5
0.444,simultaneous_pose,279.5,0.0,279.5
0.447,simultaneous_pose,299.0,0.0,299.0
0.449,simultaneous_pose,260.0,0.0,260.0
0.452,simultaneous_pose,273.0,0.0,273.0
0.454,simultaneous_pose,292.5,0.0,292.5
0.457,simultaneous_pose,292.5,0.0,292.5
0.46,simultaneous_pose,279.5,0.0,279.5
0.462,simultaneous_pose,286.0,0.0,286.0
0.465,simultaneous_pose,279.5,0.0,279.5
0.467,simultaneous_pose,266.5,0.0,266.5
0.47,simultaneous_pose,266.5,0.0,266.5
0.472,simultaneous_pose,266.5,0.0,266.5
0.475,simultaneous_pose,247.0,0.0,247.0
0.478,simultaneous_pose,260.0,0.0,260.0
0.48,simultaneous_pose,253.5,0.0,253.5
0.483,simultaneous_pose,253.5,0.0,253.5
0.485,simultaneous_pose,266.5,0.0,266.5
0.488,simultaneous_pose,273.0,6.5,279.5
0.49,simultaneous_pose,247.0,6.5,253.5
0.493,simultaneous_pose,253.5,0.0,253.5
0.496,simultaneous_pose,286.0,0.0,286.0
0.498,simultaneous_pose,273.0,0.0,273.0
0.501,simultaneous_pose,292.5,0.0,292.5
0.504,simultaneous_pose,266.5,0.0,266.5
0.506,simultaneous_pose,312.0,0.0,312.0
0.509,simultaneous_pose,279.5,0.0,279.5
0.511,simultaneous_pose,273.0,0.0,273.0
0.514,simultaneous_pose,292.5,0.0,292.5
0.516,simultaneous_pose,247.0,0.0,247.0
0.519,simultaneous_pose,325.0,0.0,325.0
0.522,simultaneous_pose,279.5,0.0,279.5
0.524,simultaneous_pose,286.0,0.0,286.0
0.527,simultaneous_pose,260.0,6.5,266.5
0.529,simultaneous_pose,273.0,0.0,273.0
0.532,simultaneous_pose,260.0,0.0,260.0
0.534,simultaneous_pose,292.5,0.0,292.5
0.537,simultaneous_pose,273.0,0.0,273.0
0.54,simultaneous_pose,247.0,0.0,247.0
0.542,simultaneous_pose,266.5,6.5,273.0
0.545,simultaneous_pose,266.5,0.0,266.5
0.547,simultaneous_pose,273.0,0.0,273.0
0.55,simultaneous_pose,273.0,0.0,273.0
0.552,simultaneous_pose,286.0,0.0,286.0
0.555,simultaneous_pose,279.5,0.0,279.5
0.558,simultaneous_pose,286.0,0.0,286.0
0.56,simultaneous_pose,299.0,0.0,299.0
0.563,simultaneous_pose,292.5,0.0,292.5
0.565,simultaneous_pose,286.0,0.0,286.0
0.568,simultaneous_pose,286.0,0.0,286.0
0.57,simultaneous_pose,286.0,0.0,286.0
0.573,simultaneous_pose,286.0,6.5,292.5
0.576,simultaneous_pose,279.5,0.0,279.5
0.578,simultaneous_pose,318.5,0.0,318.5
0.581,simultaneous_pose,318.5,0.0,318.5
0.583,simultaneous_pose,305.5,0.0,305.5
0.586,simultaneous_pose,273.0,0.0,273.0
0.588,simultaneous_pose,273.0,0.0,273.0
0.591,simultaneous_pose,299.0,0.0,299.0
0.594,simultaneous_pose,279.5,0.0,279.5
0.596,simultaneous_pose,305.5,0.0,305.5
0.599,simultaneous_pose,273.0,0.0,273.0
0.601,simultaneous_pose,279.5,0.0,279.5
0.604,simultaneous_pose,292.5,0.0,292.5
0.606,simultaneous_pose,286.0,0.0,286.0
0.609,simultaneous_pose,260.0,0.0,260.0
0.612,simultaneous_pose,279.5,0.0,279.5
0.614,simultaneous_pose,253.5,0.0,253.5
0.617,simultaneous_pose,279.5,0.0,279.5
0.619,simultaneous_pose,286.0,0.0,286.0
0.622,simultaneous_pose,279.5,0.0,279.5
0.624,simultaneous_pose,266.5,0.0,266.5
0.627,simultaneous_pose,227.5,0.0,227.5
0.63,simultaneous_pose,253.5,0.0,253.5
0.632,simultaneous_pose,266.5,0.0,266.5
0.635,simultaneous_pose,266.5,0.0,266.5
0.637,simultaneous_pose,299.0,0.0,299.0
0.64,simultaneous_pose,292.5,0.0,292.5
0.642,simultaneous_pose,279.5,0.0,279.5
0.645,simultaneous_pose,286.0,0.0,286.0
0.648,simultaneous_pose,273.0,0.0,273.0
0.65,simultaneous_pose,253.5,0.0,253.5
0.653,simultaneous_pose,266.5,0.0,266.5
0.655,simultaneous_pose,273.0,0.0,273.0
0.658,simultaneous_pose,253.5,0.0,253.5
0.66,simultaneous_pose,292.5,0.0,292.5
0.663,simultaneous_pose,266.5,0.0,266.5
0.666,simultaneous_pose,240.5,0.0,240.5
0.668,simultaneous_pose,273.0,0.0,273.0
0.671,simultaneous_pose,260.0,0.0,260.0
0.673,simultaneous_pose,273.0,6.5,279.5
0.676,simultaneous_pose,292.5,0.0,292.5
0.678,simultaneous_pose,305.5,0.0,305.5
0.681,simultaneous_pose,260.0,0.0,260.0
0.684,simultaneous_pose,273.0,0.0,273.0
0.686,simultaneous_pose,266.5,0.0,266.5
0.689,simultaneous_pose,279.5,0.0,279.5
0.691,simultaneous_pose,286.0,0.0,286.0
0.694,simultaneous_pose,260.0,0.0,260.0
0.696,simultaneous_pose,292.5,0.0,292.5
0.699,simultaneous_pose,253.5,0.0,253.5
0.702,simultaneous_pose,266.5,0.0,266.5
0.704,simultaneous_pose,240.5,0.0,240.5
0.707,simultaneous_pose,286.0,0.0,286.0
0.709,simultaneous_pose,260.0,0.0,260.0
0.712,simultaneous_pose,273.0,0.0,273.0
0.714,simultaneous_pose,266.5,0.0,266.5
0.717,simultaneous_pose,273.0,0.0,273.0
0.72,simultaneous_pose,266.5,0.0,266.5
0.722,simultaneous_pose,266.5,0.0,266.5
0.725,simultaneous_pose,292.5,6.5,299.0
0.727,simultaneous_pose,266.5,0.0,266.5
0.73,simultaneous_pose,273.0,0.0,273.0
0.732,simultaneous_pose,286.0,0.0,286.0
0.735,simultaneous_pose,299.0,0.0,299.0
0.738,simultaneous_pose,286.0,0.0,286.0
0.74,simultaneous_pose,292.5,0.0,292.5
0.743,simultaneous_pose,266.5,0.0,266.5
0.745,simultaneous_pose,286.0,0.0,286.0
0.748,simultaneous_pose,299.0,0.0,299.0
0.75,simultaneous_pose,286.0,0.0,286.0
0.753,simultaneous_pose,331.5,0.0,331.5
0.756,simultaneous_pose,299.0,0.0,299.0
0.758,simultaneous_pose,279.5,0.0,279.5
0.761,simultaneous_pose,312.0,0.0,312.0
0.763,simultaneous_pose,325.0,0.0,325.0
0.766,simultaneous_pose,292.5,0.0,292.5
0.768,simultaneous_pose,299.0,0.0,299.0
0.771,simultaneous_pose,292.5,0.0,292.5
0.774,simultaneous_pose,331.5,0.0,331.5
0.776,simultaneous_pose,292.5,0.0,292.5
0.779,simultaneous_pose,305.5,0.0,305.5
0.781,simultaneous_pose,318.5,0.0,318.5
0.784,simultaneous_pose,325.0,0.0,325.0
0.786,simultaneous_pose,286.0,0.0,286.0
0.789,simultaneous_pose,266.5,0.0,266.5
0.792,simultaneous_pose,299.0,0.0,299.0
0.794,simultaneous_pose,266.5,0.0,266.5
0.797,simultaneous_pose,299.0,0.0,299.0
0.799,simultaneous_pose,299.0,0.0,299.0
0.802,simultaneous_pose,292.5,0.0,292.5
0.804,simultaneous_pose,299.0,0.0,299.0
0.807,simultaneous_pose,312.0,0.0,312.0
0.81,simultaneous_pose,273.0,0.0,273.0
0.812,simultaneous_pose,305.5,0.0,305.5
0.815,simultaneous_pose,273.0,0.0,273.0
0.817,simultaneous_pose,286.0,0.0,286.0
0.82,simultaneous_pose,292.5,0.0,292.5
0.823,simultaneous_pose,325.0,0.0,325.0
0.825,simultaneous_pose,299.0,0.0,299.0
0.828,simultaneous_pose,312.0,0.0,312.0
0.83,simultaneous_pose,286.0,0.0,286.0
0.833,simultaneous_pose,273.0,0.0,273.0
0.835,simultaneous_pose,286.0,0.0,286.0
0.838,simultaneous_pose,312.0,0.0,312.0
0.841,simultaneous_pose,325.0,0.0,325.0
0.843,simultaneous_pose,292.5,6.5,299.0
0.846,simultaneous_pose,299.0,0.0,299.0
0.848,simultaneous_pose,312.0,0.0,312.0
0.851,simultaneous_pose,292.5,0.0,292.5
0.853,simultaneous_pose,292.5,0.0,292.5
0.856,simultaneous_pose,299.0,6.5,305.5
0.859,simultaneous_pose,312.0,0.0,312.0
0.861,simultaneous_pose,331.5,0.0,331.5
0.864,simultaneous_pose,286.0,0.0,286.0
0.866,simultaneous_pose,305.5,0.0,305.5
0.869,simultaneous_pose,325.0,0.0,325.0
0.871,simultaneous_pose,286.0,6.5,292.5
0.874,simultaneous_pose,273.0,0.0,273.0
0.877,simultaneous_pose,292.5,6.5,299.0
0.879,simultaneous_pose,305.5,0.0,305.5
0.882,simultaneous_pose,312.0,0.0,312.0
0.885,simultaneous_pose,299.0,6.5,305.5
0.887,simultaneous_pose,318.5,0.0,318.5
0.89,simultaneous_pose,299.0,0.0,299.0
0.892,simultaneous_pose,305.5,0.0,305.5
0.895,simultaneous_pose,299.0,0.0,299.0
0.897,simultaneous_pose,279.5,0.0,279.5
0.9,simultaneous_pose,318.5,0.0,318.5
0.903,simultaneous_pose,318.5,0.0,318.5
0.905,simultaneous_pose,305.5,0.0,305.5
0.908,simultaneous_pose,331.5,0.0,331.5
0.91,simultaneous_pose,292.5,0.0,292.5
0.913,simultaneous_pose,305.5,6.5,312.0
0.915,simultaneous_pose,279.5,0.0,279.5
0.918,simultaneous_pose,351.0,0.0,351.0
0.921,simultaneous_pose,299.0,6.5,305.5
0.923,simultaneous_pose,331.5,0.0,331.5
0.926,simultaneous_pose,318.5,6.5,325.0
0.928,simultaneous_pose,331.5,0.0,331.5
0.931,simultaneous_pose,312.0,6.5,318.5
0.933,simultaneous_pose,357.5,6.5,364.0
0.936,simultaneous_pose,305.5,13.0,318.5
0.939,simultaneous_pose,318.5,6.5,325.0
0.941,simultaneous_pose,299.0,0.0,299.0
0.944,simultaneous_pose,305.5,0.0,305.5
0.946,simultaneous_pose,318.5,0.0,318.5
0.949,simultaneous_pose,338.0,0.0,338.0
0.951,simultaneous_pose,331.5,6.5,338.0
0.954,simultaneous_pose,305.5,0.0,305.5
0.957,simultaneous_pose,299.0,0.0,299.0
0.959,simultaneous_pose,266.5,0.0,266.5
0.962,simultaneous_pose,292.5,0.0,292.5
0.964,simultaneous_pose,260.0,0.0,260.0
0.967,simultaneous_pose,331.5,0.0,331.5
0.969,simultaneous_pose,292.5,0.0,292.5
0.972,simultaneous_pose,279.5,0.0,279.5
0.975,simultaneous_pose,312.0,0.0,312.0
0.977,simultaneous_pose,312.0,6.5,318.5
0.98,simultaneous_pose,318.5,0.0,318.5
0.982,simultaneous_pose,312.0,0.0,312.0
0.985,simultaneous_pose,331.5,0.0,331.5
0.987,simultaneous_pose,299.0,6.5,305.5
0.99,simultaneous_pose,325.0,6.5,331.5
0.993,simultaneous_pose,370.5,0.0,370.5
0.995,simultaneous_pose,292.5,6.5,299.0
0.998,simultaneous_pose,299.0,0.0,299.0
1.0,simultaneous_pose,318.5,0.0,318.5
1.003,simultaneous_pose,351.0,0.0,351.0
1.005,simultaneous_pose,292.5,0.0,292.5
1.008,simultaneous_pose,312.0,0.0,312.0
1.011,simultaneous_pose,364.0,0.0,364.0
1.013,simultaneous_pose,325.0,0.0,325.0
1.016,simultaneous_pose,305.5,0.0,305.5
1.018,simultaneous_pose,312.0,0.0,312.0
1.021,simultaneous_pose,312.0,6.5,318.5
1.023,simultaneous_pose,299.0,0.0,299.0
1.026,simultaneous_pose,305.5,0.0,305.5
1.029,simultaneous_pose,279.5,0.0,279.5
1.031,simultaneous_pose,292.5,6.5,299.0
1.034,simultaneous_pose,305.5,0.0,305.5
1.036,simultaneous_pose,305.5,0.0,305.5
1.039,simultaneous_pose,299.0,6.5,305.5
1.041,simultaneous_pose,273.0,6.5,279.5
1.044,simultaneous_pose,286.0,0.0,286.0
1.047,simultaneous_pose,279.5,6.5,286.0
1.049,simultaneous_pose,286.0,0.0,286.0
1.052,simultaneous_pose,286.0,0.0,286.0
1.054,simultaneous_pose,299.0,0.0,299.0
1.057,simultaneous_pose,292.5,0.0,292.5
1.059,simultaneous_pose,286.0,0.0,286.0
1.062,simultaneous_pose,279.5,0.0,279.5
1.065,simultaneous_pose,260.0,6.5,266.5
1.067,simultaneous_pose,292.5,0.0,292.5
1.07,simultaneous_pose,266.5,0.0,266.5
1.072,simultaneous_pose,292.5,0.0,292.5
1.075,simultaneous_pose,331.5,0.0,331.5
1.077,simultaneous_pose,338.0,0.0,338.0
1.08,simultaneous_pose,299.0,0.0,299.0
1.083,simultaneous_pose,325.0,0.0,325.0
1.085,simultaneous_pose,338.0,0.0,338.0
1.088,simultaneous_pose,273.0,0.0,273.0
1.09,simultaneous_pose,325.0,0.0,325.0
1.093,simultaneous_pose,305.5,0.0,305.5
1.095,simultaneous_pose,338.0,0.0,338.0
1.098,simultaneous_pose,318.5,0.0,318.5
1.101,simultaneous_pose,299.0,0.0,299.0
1.103,simultaneous_pose,351.0,0.0,351.0
1.106,simultaneous_pose,292.5,6.5,299.0
1.108,simultaneous_pose,299.0,0.0,299.0
1.111,simultaneous_pose,299.0,0.0,299.0
1.113,simultaneous_pose,351.0,0.0,351.0
1.116,simultaneous_pose,325.0,0.0,325.0
1.119,simultaneous_pose,286.0,0.0,286.0
1.121,simultaneous_pose,325.0,0.0,325.0
1.124,simultaneous_pose,305.5,0.0,305.5
1.126,simultaneous_pose,299.0,0.0,299.0
1.129,simultaneous_pose,305.5,0.0,305.5
1.131,simultaneous_pose,318.5,0.0,318.5
1.134,simultaneous_pose,318.5,0.0,318.5
1.137,simultaneous_pose,305.5,6.5,312.0
1.139,simultaneous_pose,318.5,0.0,318.5
1.142,simultaneous_pose,325.0,0.0,325.0
1.144,simultaneous_pose,312.0,0.0,312.0
1.147,simultaneous_pose,318.5,0.0,318.5
1.149,simultaneous_pose,318.5,0.0,318.5
1.152,simultaneous_pose,325.0,0.0,325.0
1.155,simultaneous_pose,292.5,0.0,292.5
1.157,simultaneous_pose,292.5,0.0,292.5
1.16,simultaneous_pose,305.5,6.5,312.0
1.162,simultaneous_pose,292.5,0.0,292.5
1.165,simultaneous_pose,292.5,0.0,292.5
1.167,simultaneous_pose,305.5,0.0,305.5
1.17,simultaneous_pose,305.5,0.0,305.5
1.173,simultaneous_pose,286.0,0.0,286.0
1.175,simultaneous_pose,253.5,0.0,253.5
1.178,simultaneous_pose,266.5,0.0,266.5
1.18,simultaneous_pose,208.0,0.0,208.0
1.183,simultaneous_pose,208.0,0.0,208.0
1.185,simultaneous_pose,214.5,0.0,214.5
1.188,simultaneous_pose,182.0,0.0,182.0
1.191,simultaneous_pose,195.0,0.0,195.0
1.193,simultaneous_pose,156.0,0.0,156.0
1.196,simultaneous_pose,188.5,0.0,188.5
1.198,simultaneous_pose,136.5,0.0,136.5
1.201,simultaneous_pose,143.0,0.0,143.0
1.203,simultaneous_pose,156.0,0.0,156.0
1.206,simultaneous_pose,162.5,0.0,162.5
1.209,simultaneous_pose,156.0,0.0,156.0
1.211,simultaneous_pose,149.5,0.0,149.5
1.214,simultaneous_pose,136.5,0.0,136.5
1.216,simultaneous_pose,136.5,6.5,143.0
1.219,simultaneous_pose,117.0,0.0,117.0
1.221,simultaneous_pose,110.5,0.0,110.5
1.224,simultaneous_pose,130.0,0.0,130.0
1.227,simultaneous_pose,143.0,0.0,143.0
1.229,simultaneous_pose,117.0,0.0,117.0
1.232,simultaneous_pose,123.5,0.0,123.5
1.234,simultaneous_pose,117.0,0.0,117.0
1.237,simultaneous_pose,110.5,0.0,110.5
1.239,simultaneous_pose,117.0,0.0,117.0
1.242,simultaneous_pose,97.5,0.0,97.5
1.245,simultaneous_pose,110.5,0.0,110.5
1.247,simultaneous_pose,123.5,0.0,123.5
1.25,simultaneous_pose,104.0,0.0,104.0
1.252,simultaneous_pose,110.5,0.0,110.5
1.255,simultaneous_pose,91.0,0.0,91.0
1.257,simultaneous_pose,104.0,0.0,104.0
1.26,simultaneous_pose,104.0,0.0,104.0
1.263,simultaneous_pose,104.0,0.0,104.0
1.265,simultaneous_pose,110.5,0.0,110.5
1.268,simultaneous_pose,110.5,0.0,110.5
1.27,simultaneous_pose,91.0,0.0,91.0
1.273,simultaneous_pose,117.0,0.0,117.0
1.275,simultaneous_pose,110.5,0.0,110.5
1.278,simultaneous_pose,97.5,0.0,97.5
1.281,simultaneous_pose,123.5,0.0,123.5
1.283,simultaneous_pose,123.5,0.0,123.5
1.286,simultaneous_pose,97.5,0.0,97.5
1.288,simultaneous_pose,91.0,0.0,91.0
1.291,simultaneous_pose,104.0,0.0,104.0
1.293,simultaneous_pose,104.0,0.0,104.0
1.296,simultaneous_pose,104.0,0.0,104.0
1.299,simultaneous_pose,110.5,0.0,110.5
1.301,simultaneous_pose,104.0,0.0,104.0
1.304,simultaneous_pose,104.0,0.0,104.0
1.306,simultaneous_pose,110.5,0.0,110.5
1.309,simultaneous_pose,130.0,0.0,130.0
1.311,simultaneous_pose,104.0,0.0,104.0
1.314,simultaneous_pose,97.5,0.0,97.5
1.317,simultaneous_pose,104.0,6.5,110.5
1.319,simultaneous_pose,104.0,13.0,117.0
1.322,simultaneous_pose,91.0,0.0,91.0
1.324,simultaneous_pose,97.5,6.5,104.0
1.327,simultaneous_pose,91.0,0.0,91.0
1.329,simultaneous_pose,117.0,0.0,117.0
1.332,simultaneous_pose,123.5,6.5,130.0
1.335,simultaneous_pose,97.5,6.5,104.0
1.337,simultaneous_pose,110.5,0.0,110.5
1.34,simultaneous_pose,97.5,0.0,97.5
1.342,simultaneous_pose,84.5,0.0,84.5
1.345,simultaneous_pose,117.0,0.0,117.0
1.347,simultaneous_pose,123.5,0.0,123.5
1.35,simultaneous_pose,130.0,0.0,130.0
1.353,simultaneous_pose,169.0,0.0,169.0
1.355,simultaneous_pose,117.0,0.0,117.0
1.358,simultaneous_pose,123.5,0.0,123.5
1.36,simultaneous_pose,104.0,0.0,104.0
1.363,simultaneous_pose,117.0,0.0,117.0
1.365,simultaneous_pose,110.5,0.0,110.5
1.368,simultaneous_pose,117.0,6.5,123.5
1.371,simultaneous_pose,130.0,0.0,130.0
1.373,simultaneous_pose,136.5,0.0,136.5
1.376,simultaneous_pose,123.5,0.0,123.5
1.378,simultaneous_pose,123.5,0.0,123.5
1.381,simultaneous_pose,130.0,0.0,130.0
1.383,simultaneous_pose,123.5,0.0,123.5
1.386,simultaneous_pose,136.5,0.0,136.5
1.389,simultaneous_pose,136.5,0.0,136.5
1.391,simultaneous_pose,149.5,0.0,149.5
1.394,simultaneous_pose,162.5,0.0,162.5
1.396,simultaneous_pose,136.5,0.0,136.5
1.399,simultaneous_pose,130.0,0.0,130.0
1.401,simultaneous_pose,130.0,0.0,130.0
1.404,simultaneous_pose,117.0,0.0,117.0
1.407,simultaneous_pose,123.5,0.0,123.5
1.409,simultaneous_pose,143.0,0.0,143.0
1.412,simultaneous_pose,143.0,0.0,143.0
1.414,simultaneous_pose,130.0,0.0,130.0
1.417,simultaneous_pose,136.5,0.0,136.5
1.419,simultaneous_pose,136.5,0.0,136.5
1.422,simultaneous_pose,136.5,0.0,136.5
1.425,simultaneous_pose,130.0,0.0,130.0
1.427,simultaneous_pose,136.5,0.0,136.5
1.43,simultaneous_pose,136.5,0.0,136.5
1.432,simultaneous_pose,149.5,0.0,149.5
1.435,simultaneous_pose,117.0,0.0,117.0
1.437,simultaneous_pose,156.0,0.0,156.0
1.44,simultaneous_pose,149.5,0.0,149.5
1.443,simultaneous_pose,162.5,0.0,162.5
1.445,simultaneous_pose,136.5,0.0,136.5
1.448,simultaneous_pose,149.5,0.0,149.5
1.45,simultaneous_pose,117.0,0.0,117.0
1.453,simultaneous_pose,149.5,0.0,149.5
1.455,simultaneous_pose,130.0,0.0,130.0
1.458,simultaneous_pose,117.0,0.0,117.0
1.461,simultaneous_pose,143.0,0.0,143.0
1.463,simultaneous_pose,143.0,0.0,143.0
1.466,simultaneous_pose,149.5,0.0,149.5
1.468,simultaneous_pose,130.0,0.0,130.0
1.471,simultaneous_pose,123.5,6.5,130.0
1.473,simultaneous_pose,136.5,0.0,136.5
1.476,simultaneous_pose,136.5,0.0,136.5
1.479,simultaneous_pose,117.0,0.0,117.0
1.481,simultaneous_pose,130.0,0.0,130.0
1.484,simultaneous_pose,130.0,0.0,130.0
1.486,simultaneous_pose,123.5,0.0,123.5
1.489,simultaneous_pose,136.5,0.0,136.5
1.491,simultaneous_pose,117.0,0.0,117.0
1.494,simultaneous_pose,110.5,0.0,110.5
1.497,simultaneous_pose,110.5,0.0,110.5
1.499,simultaneous_pose,123.5,0.0,123.5
1.502,simultaneous_pose,110.5,0.0,110.5
1.504,simultaneous_pose,149.5,0.0,149.5
1.507,simultaneous_pose,117.0,0.0,117.0
1.509,simultaneous_pose,110.5,6.5,117.0
1.512,simultaneous_pose,110.5,0.0,110.5
1.515,simultaneous_pose,110.5,0.0,110.5
1.517,simultaneous_pose,143.0,0.0,143.0
1.52,simultaneous_pose,130.0,0.0,130.0
1.522,simultaneous_pose,110.5,0.0,110.5
1.525,simultaneous_pose,130.0,0.0,130.0
1.527,simultaneous_pose,110.5,6.5,117.0
1.53,simultaneous_pose,123.5,0.0,123.5
1.533,simultaneous_pose,110.5,0.0,110.5
1.535,simultaneous_pose,130.0,0.0,130.0
1.538,simultaneous_pose,143.0,0.0,143.0
1.54,simultaneous_pose,130.0,0.0,130.0
1.543,simultaneous_pose,117.0,0.0,117.0
1.545,simultaneous_pose,123.5,0.0,123.5
1.548,simultaneous_pose,130.0,0.0,130.0
1.551,simultaneous_pose,143.0,0.0,143.0
1.553,simultaneous_pose,123.5,0.0,123.5
1.556,simultaneous_pose,130.0,0.0,130.0
1.558,simultaneous_pose,123.5,0.0,123.5
1.561,simultaneous_pose,123.5,0.0,123.5
1.563,simultaneous_pose,123.5,0.0,123.5
1.566,simultaneous_pose,123.5,0.0,123.5
1.569,simultaneous_pose,123.5,0.0,123.5
1.571,simultaneous_pose,123.5,0.0,123.5
1.574,simultaneous_pose,110.5,6.5,117.0
1.576,simultaneous_pose,123.5,0.0,123.5
1.579,simultaneous_pose,110.5,6.5,117.0
1.581,simultaneous_pose,123.5,0.0,123.5
1.584,simultaneous_pose,136.5,0.0,136.5
1.587,simultaneous_pose,110.5,6.5,117.0
1.589,simultaneous_pose,130.0,0.0,130.0
1.592,simultaneous_pose,136.5,0.0,136.5
1.594,simultaneous_pose,123.5,0.0,123.5
1.597,simultaneous_pose,123.5,6.5,130.0
1.599,simultaneous_pose,110.5,0.0,110.5
1.602,simultaneous_pose,123.5,0.0,123.5
1.605,simultaneous_pose,130.0,0.0,130.0
1.607,simultaneous_pose,143.0,6.5,149.5
1.61,simultaneous_pose,136.5,6.5,143.0
1.612,simultaneous_pose,143.0,6.5,149.5
1.615,simultaneous_pose,117.0,0.0,117.0
1.617,simultaneous_pose,104.0,6.5,110.5
1.62,simultaneous_pose,123.5,6.5,130.0
1.623,simultaneous_pose,149.5,0.0,149.5
1.625,simultaneous_pose,143.0,0.0,143.0
1.628,simultaneous_pose,123.5,6.5,130.0
1.63,simultaneous_pose,110.5,0.0,110.5
1.633,simultaneous_pose,110.5,6.5,117.0
1.635,simultaneous_pose,143.0,0.0,143.0
1.638,simultaneous_pose,130.0,0.0,130.0
1.641,simultaneous_pose,117.0,6.5,123.5
1.643,simultaneous_pose,130.0,0.0,130.0
1.646,simultaneous_pose,136.5,0.0,136.5
1.648,simultaneous_pose,110.5,0.0,110.5
1.651,simultaneous_pose,104.0,0.0,104.0
1.653,simultaneous_pose,136.5,0.0,136.5
1.656,simultaneous_pose,136.5,0.0,136.5
1.659,simultaneous_pose,123.5,0.0,123.5
1.661,simultaneous_pose,117.0,0.0,117.0
1.664,simultaneous_pose,149.5,0.0,149.5
1.666,simultaneous_pose,110.5,0.0,110.5
1.669,simultaneous_pose,110.5,0.0,110.5
1.671,simultaneous_pose,130.0,0.0,130.0
1.674,simultaneous_pose,123.5,0.0,123.5
1.677,simultaneous_pose,143.0,0.0,143.0
1.679,simultaneous_pose,117.0,0.0,117.0
1.682,simultaneous_pose,149.5,0.0,149.5
1.684,simultaneous_pose,130.0,0.0,130.0
1.687,simultaneous_pose,117.0,0.0,117.0
1.689,simultaneous_pose,156.0,0.0,156.0
1.692,simultaneous_pose,136.5,0.0,136.5
1.695,simultaneous_pose,104.0,0.0,104.0
1.697,simultaneous_pose,136.5,0.0,136.5
1.7,simultaneous_pose,123.5,0.0,123.5
1.702,simultaneous_pose,110.5,0.0,110.5
1.705,simultaneous_pose,110.5,0.0,110.5
1.707,simultaneous_pose,110.5,0.0,110.5
1.71,simultaneous_pose,117.0,0.0,117.0
1.713,simultaneous_pose,156.0,0.0,156.0
1.715,simultaneous_pose,136.5,0.0,136.5
1.718,simultaneous_pose,130.0,0.0,130.0
1.72,simultaneous_pose,123.5,0.0,123.5
1.723,simultaneous_pose,110.5,0.0,110.5
1.725,simultaneous_pose,117.0,0.0,117.0
1.728,simultaneous_pose,143.0,0.0,143.0
1.731,simultaneous_pose,143.0,0.0,143.0
1.733,simultaneous_pose,123.5,0.0,123.5
1.736,simultaneous_pose,123.5,0.0,123.5
1.738,simultaneous_pose,130.0,0.0,130.0
1.741,simultaneous_pose,97.5,0.0,97.5
1.744,simultaneous_pose,117.0,0.0,117.0
1.746,simultaneous_pose,136.5,0.0,136.5
1.749,simultaneous_pose,123.5,0.0,123.5
1.751,simultaneous_pose,136.5,0.0,136.5
1.754,simultaneous_pose,130.0,0.0,130.0
1.757,simultaneous_pose,117.0,0.0,117.0
1.759,simultaneous_pose,136.5,0.0,136.5
1.762,simultaneous_pose,136.5,0.0,136.5
1.764,simultaneous_pose,136.5,0.0,136.5
1.767,simultaneous_pose,130.0,0.0,130.0
1.77,simultaneous_pose,136.5,0.0,136.5
1.773,simultaneous_pose,110.5,0.0,110.5
1.775,simultaneous_pose,117.0,0.0,117.0
1.778,simultaneous_pose,149.5,0.0,149.5
1.78,simultaneous_pose,130.0,6.5,136.5
1.783,simultaneous_pose,104.0,0.0,104.0
1.786,simultaneous_pose,123.5,0.0,123.5
1.788,simultaneous_pose,117.0,0.0,117.0
1.791,simultaneous_pose,104.0,6.5,110.5
1.794,simultaneous_pose,130.0,6.5,136.5
1.796,simultaneous_pose,123.5,0.0,123.5
1.799,simultaneous_pose,117.0,0.0,117.0
1.802,simultaneous_pose,136.5,0.0,136.5
1.804,simultaneous_pose,117.0,0.0,117.0
1.807,simultaneous_pose,143.0,0.0,143.0
1.81,simultaneous_pose,123.5,0.0,123.5
1.812,simultaneous_pose,130.0,0.0,130.0
1.815,simultaneous_pose,130.0,0.0,130.0
1.817,simultaneous_pose,136.5,0.0,136.5
1.82,simultaneous_pose,123.5,0.0,123.5
1.823,simultaneous_pose,123.5,0.0,123.5
1.825,simultaneous_pose,130.0,0.0,130.0
1.828,simultaneous_pose,123.5,0.0,123.5
1.83,simultaneous_pose,130.0,0.0,130.0
1.833,simultaneous_pose,104.0,0.0,104.0
1.835,simultaneous_pose,110.5,0.0,110.5
1.838,simultaneous_pose,104.0,0.0,104.0
1.841,simultaneous_pose,156.0,0.0,156.0
1.843,simultaneous_pose,130.0,0.0,130.0
1.846,simultaneous_pose,117.0,0.0,117.0
1.849,simultaneous_pose,117.0,0.0,117.0
1.851,simultaneous_pose,123.5,0.0,123.5
1.854,simultaneous_pose,110.5,6.5,117.0
1.856,simultaneous_pose,117.0,0.0,117.0
1.859,simultaneous_pose,117.0,6.5,123.5
1.862,simultaneous_pose,156.0,0.0,156.0
1.864,simultaneous_pose,149.5,0.0,149.5
1.867,simultaneous_pose,130.0,0.0,130.0
1.869,simultaneous_pose,143.0,0.0,143.0
1.872,simultaneous_pose,123.5,0.0,123.5
1.875,simultaneous_pose,136.5,0.0,136.5
1.877,simultaneous_pose,169.0,0.0,169.0
1.88,simultaneous_pose,136.5,0.0,136.5
1.882,simultaneous_pose,143.0,0.0,143.0
1.885,simultaneous_pose,130.0,0.0,130.0
1.887,simultaneous_pose,123.5,0.0,123.5
1.89,simultaneous_pose,156.0,0.0,156.0
1.893,simultaneous_pose,130.0,0.0,130.0
1.895,simultaneous_pose,143.0,0.0,143.0
1.898,simultaneous_pose,123.5,6.5,130.0
1.901,simultaneous_pose,136.5,0.0,136.5
1.903,simultaneous_pose,156.0,0.0,156.0
1.906,simultaneous_pose,130.0,0.0,130.0
1.908,simultaneous_pose,117.0,6.5,123.5
1.911,simultaneous_pose,97.5,0.0,97.5
1.914,simultaneous_pose,136.5,0.0,136.5
1.916,simultaneous_pose,136.5,6.5,143.0
1.919,simultaneous_pose,110.5,0.0,110.5
1.921,simultaneous_pose,130.0,0.0,130.0
1.924,simultaneous_pose,149.5,0.0,149.5
1.927,simultaneous_pose,123.5,0.0,123.5
1.929,simultaneous_pose,110.5,0.0,110.5
1.932,simultaneous_pose,117.0,0.0,117.0
1.934,simultaneous_pose,143.0,0.0,143.0
1.937,simultaneous_pose,149.5,0.0,149.5
1.94,simultaneous_pose,117.0,0.0,117.0
1.942,simultaneous_pose,110.5,6.5,117.0
1.945,simultaneous_pose,123.5,0.0,123.5
1.947,simultaneous_pose,143.0,0.0,143.0
1.95,simultaneous_pose,123.5,0.0,123.5
1.953,simultaneous_pose,130.0,0.0,130.0
1.955,simultaneous_pose,136.5,0.0,136.5
1.958,simultaneous_pose,136.5,0.0,136.5
1.96,simultaneous_pose,117.0,0.0,117.0
1.963,simultaneous_pose,130.0,0.0,130.0
1.966,simultaneous_pose,117.0,0.0,117.0
1.968,simultaneous_pose,136.5,0.0,136.5
1.971,simultaneous_pose,110.5,0.0,110.5
1.973,simultaneous_pose,136.5,0.0,136.5
1.976,simultaneous_pose,130.0,0.0,130.0
1.979,simultaneous_pose,117.0,0.0,117.0
1.981,simultaneous_pose,130.0,0.0,130.0
1.984,simultaneous_pose,104.0,0.0,104.0
1.987,simultaneous_pose,143.0,0.0,143.0
1.989,simultaneous_pose,136.5,0.0,136.5
1.992,simultaneous_pose,130.0,0.0,130.0
1.995,simultaneous_pose,117.0,0.0,117.0
1.997,simultaneous_pose,136.5,0.0,136.5
2.0,simultaneous_pose,110.5,0.0,110.5
2.003,simultaneous_pose,130.0,0.0,130.0
2.005,simultaneous_pose,104.0,0.0,104.0
2.008,simultaneous_pose,123.5,0.0,123.5
2.011,simultaneous_pose,130.0,0.0,130.0
2.013,simultaneous_pose,130.0,0.0,130.0
2.016,simultaneous_pose,156.0,0.0,156.0
2.018,simultaneous_pose,117.0,0.0,117.0
2.021,simultaneous_pose,143.0,0.0,143.0
2.023,simultaneous_pose,117.0,0.0,117.0
2.026,simultaneous_pose,130.0,0.0,130.0
2.029,simultaneous_pose,136.5,0.0,136.5
2.031,simultaneous_pose,110.5,0.0,110.5
2.034,simultaneous_pose,123.5,0.0,123.5
2.037,simultaneous_pose,110.5,0.0,110.5
2.039,simultaneous_pose,149.5,0.0,149.5
2.042,simultaneous_pose,130.0,0.0,130.0
2.045,simultaneous_pose,130.0,0.0,130.0
2.047,simultaneous_pose,130.0,0.0,130.0
2.05,simultaneous_pose,130.0,0.0,130.0
2.053,simultaneous_pose,123.5,0.0,123.5
2.055,simultaneous_pose,117.0,0.0,117.0
2.058,simultaneous_pose,136.5,0.0,136.5
2.061,simultaneous_pose,123.5,0.0,123.5
2.063,simultaneous_pose,123.5,0.0,123.5
2.066,simultaneous_pose,104.0,0.0,104.0
2.069,simultaneous_pose,117.0,6.5,123.5
2.071,simultaneous_pose,117.0,0.0,117.0
2.074,simultaneous_pose,104.0,0.0,104.0
2.077,simultaneous_pose,149.5,0.0,149.5
2.08,simultaneous_pose,130.0,0.0,130.0
2.082,simultaneous_pose,162.5,0.0,162.5
2.085,simultaneous_pose,149.5,0.0,149.5
2.087,simultaneous_pose,117.0,6.5,123.5
2.09,simultaneous_pose,130.0,0.0,130.0
2.093,simultaneous_pose,143.0,0.0,143.0
2.095,simultaneous_pose,123.5,0.0,123.5
2.098,simultaneous_pose,123.5,0.0,123.5
2.101,simultaneous_pose,130.0,6.5,136.5
2.103,simultaneous_pose,117.0,0.0,117.0
2.106,simultaneous_pose,130.0,0.0,130.0
2.109,simultaneous_pose,123.5,0.0,123.5
2.111,simultaneous_pose,117.0,6.5,123.5
2.114,simultaneous_pose,149.5,6.5,156.0
2.117,simultaneous_pose,117.0,0.0,117.0
2.119,simultaneous_pose,130.0,0.0,130.0
2.122,simultaneous_pose,130.0,0.0,130.0
2.124,simultaneous_pose,110.5,0.0,110.5
2.127,simultaneous_pose,136.5,0.0,136.5
2.129,simultaneous_pose,123.5,0.0,123.5
2.132,simultaneous_pose,143.0,0.0,143.0
2.135,simultaneous_pose,143.0,0.0,143.0
2.137,simultaneous_pose,117.0,6.5,123.5
2.14,simultaneous_pose,123.5,0.0,123.5
2.143,simultaneous_pose,117.0,0.0,117.0
2.145,simultaneous_pose,156.0,0.0,156.0
2.148,simultaneous_pose,123.5,0.0,123.5
2.151,simultaneous_pose,143.0,0.0,143.0
2.153,simultaneous_pose,117.0,0.0,117.0
2.156,simultaneous_pose,97.5,0.0,97.5
2.159,simultaneous_pose,136.5,0.0,136.5
2.161,simultaneous_pose,123.5,0.0,123.5
2.164,simultaneous_pose,123.5,0.0,123.5
2.167,simultaneous_pose,136.5,0.0,136.5
2.169,simultaneous_pose,143.0,0.0,143.0
2.172,simultaneous_pose,130.0,0.0,130.0
2.175,simultaneous_pose,123.5,0.0,123.5
2.177,simultaneous_pose,143.0,0.0,143.0
2.18,simultaneous_pose,130.0,0.0,130.0
2.183,simultaneous_pose,123.5,0.0,123.5
2.185,simultaneous_pose,104.0,0.0,104.0
2.188,simultaneous_pose,123.5,0.0,123.5
2.191,simultaneous_pose,143.0,0.0,143.0
2.193,simultaneous_pose,123.5,6.5,130.0
2.196,simultaneous_pose,117.0,0.0,117.0
2.198,simultaneous_pose,104.0,0.0,104.0
2.201,simultaneous_pose,117.0,0.0,117.0
2.203,simultaneous_pose,117.0,0.0,117.0
2.206,simultaneous_pose,117.0,0.0,117.0
2.209,simultaneous_pose,123.5,0.0,123.5
2.211,simultaneous_pose,136.5,0.0,136.5
2.214,simultaneous_pose,123.5,0.0,123.5
2.217,simultaneous_pose,143.0,6.5,149.5
2.219,simultaneous_pose,117.0,0.0,117.0
2.222,simultaneous_pose,117.0,0.0,117.0
2.225,simultaneous_pose,136.5,0.0,136.5
2.227,simultaneous_pose,130.0,6.5,136.5
2.23,simultaneous_pose,117.0,6.5,123.5
2.233,simultaneous_pose,136.5,6.5,143.0
2.236,simultaneous_pose,97.5,0.0,97.5
2.238,simultaneous_pose,130.0,0.0,130.0
2.241,simultaneous_pose,123.5,0.0,123.5
2.243,simultaneous_pose,143.0,0.0,143.0
2.246,simultaneous_pose,117.0,0.0,117.0
2.249,simultaneous_pose,136.5,6.5,143.0
2.251,simultaneous_pose,123.5,6.5,130.0
2.254,simultaneous_pose,104.0,6.5,110.5
2.257,simultaneous_pose,110.5,0.0,110.5
2.259,simultaneous_pose,117.0,0.0,117.0
2.262,simultaneous_pose,130.0,6.5,136.5
2.265,simultaneous_pose,143.0,0.0,143.0
2.267,simultaneous_pose,136.5,0.0,136.5
2.27,simultaneous_pose,130.0,0.0,130.0
2.273,simultaneous_pose,136.5,0.0,136.5
2.275,simultaneous_pose,136.5,0.0,136.5
2.278,simultaneous_pose,123.5,0.0,123.5
2.281,simultaneous_pose,123.5,0.0,123.5
2.283,simultaneous_pose,123.5,0.0,123.5
2.286,simultaneous_pose,136.5,0.0,136.5
2.288,simultaneous_pose,136.5,0.0,136.5
2.291,simultaneous_pose,117.0,0.0,117.0
2.293,simultaneous_pose,123.5,0.0,123.5
2.296,simultaneous_pose,123.5,0.0,123.5
2.299,simultaneous_pose,123.5,0.0,123.5
2.301,simultaneous_pose,136.5,0.0,136.5
2.304,simultaneous_pose,143.0,0.0,143.0
2.306,simultaneous_pose,130.0,0.0,130.0
2.309,simultaneous_pose,110.5,0.0,110.5
2.312,simultaneous_pose,130.0,0.0,130.0
2.314,simultaneous_pose,104.0,0.0,104.0
2.317,simultaneous_pose,110.5,0.0,110.5
2.32,simultaneous_pose,110.5,0.0,110.5
2.322,simultaneous_pose,123.5,0.0,123.5
2.325,simultaneous_pose,136.5,6.5,143.0
2.327,simultaneous_pose,110.5,0.0,110.5
2.33,simultaneous_pose,110.5,0.0,110.5
2.333,simultaneous_pose,136.5,6.5,143.0
2.335,simultaneous_pose,123.5,6.5,130.0
2.338,simultaneous_pose,149.5,0.0,149.5
2.34,simultaneous_pose,123.5,6.5,130.0
2.343,simultaneous_pose,136.5,0.0,136.5
2.346,simultaneous_pose,97.5,0.0,97.5
2.348,simultaneous_pose,117.0,0.0,117.0
2.351,simultaneous_pose,143.0,0.0,143.0
2.354,simultaneous_pose,123.5,6.5,130.0
2.356,simultaneous_pose,149.5,0.0,149.5
2.359,simultaneous_pose,117.0,0.0,117.0
2.362,simultaneous_pose,123.5,0.0,123.5
2.364,simultaneous_pose,130.0,0.0,130.0
2.367,simultaneous_pose,143.0,0.0,143.0
2.37,simultaneous_pose,123.5,0.0,123.5
2.372,simultaneous_pose,110.5,6.5,117.0
2.375,simultaneous_pose,123.5,0.0,123.5
2.378,simultaneous_pose,143.0,0.0,143.0
2.38,simultaneous_pose,136.5,0.0,136.5
2.383,simultaneous_pose,143.0,0.0,143.0
2.386,simultaneous_pose,104.0,0.0,104.0
2.388,simultaneous_pose,136.5,0.0,136.5
2.391,simultaneous_pose,123.5,0.0,123.5
2.393,simultaneous_pose,123.5,0.0,123.5
2.396,simultaneous_pose,130.0,0.0,130.0
2.398,simultaneous_pose,136.5,0.0,136.5
2.401,simultaneous_pose,130.0,0.0,130.0
2.404,simultaneous_pose,136.5,0.0,136.5
2.406,simultaneous_pose,136.5,0.0,136.5
2.409,simultaneous_pose,149.5,0.0,149.5
2.411,simultaneous_pose,143.0,0.0,143.0
2.414,simultaneous_pose,136.5,6.5,143.0
2.417,simultaneous_pose,123.5,0.0,123.5
2.419,simultaneous_pose,123.5,0.0,123.5
2.422,simultaneous_pose,117.0,0.0,117.0
2.424,simultaneous_pose,117.0,0.0,117.0
2.427,simultaneous_pose,117.0,0.0,117.0
2.43,simultaneous_pose,136.5,0.0,136.5
2.432,simultaneous_pose,130.0,0.0,130.0
2.435,simultaneous_pose,130.0,0.0,130.0
2.438,simultaneous_pose,136.5,6.5,143.0
2.44,simultaneous_pose,110.5,0.0,110.5
2.443,simultaneous_pose,117.0,0.0,117.0
2.445,simultaneous_pose,143.0,0.0,143.0
2.448,simultaneous_pose,123.5,6.5,130.0
2.451,simultaneous_pose,130.0,0.0,130.0
2.453,simultaneous_pose,143.0,0.0,143.0
2.456,simultaneous_pose,117.0,0.0,117.0
2.458,simultaneous_pose,130.0,0.0,130.0
2.461,simultaneous_pose,104.0,6.5,110.5
2.464,simultaneous_pose,136.5,0.0,136.5
2.466,simultaneous_pose,156.0,0.0,156.0
2.469,simultaneous_pose,130.0,0.0,130.0
2.471,simultaneous_pose,117.0,0.0,117.0
2.474,simultaneous_pose,123.5,0.0,123.5
2.477,simultaneous_pose,110.5,6.5,117.0
2.479,simultaneous_pose,136.5,0.0,136.5
2.482,simultaneous_pose,97.5,0.0,97.5
2.484,simultaneous_pose,136.5,6.5,143.0
2.487,simultaneous_pose,104.0,6.5,110.5
2.49,simultaneous_pose,104.0,0.0,104.0
2.492,simultaneous_pose,117.0,0.0,117.0
2.495,simultaneous_pose,143.0,0.0,143.0
2.497,simultaneous_pose,130.0,0.0,130.0
2.5,simultaneous_pose,130.0,0.0,130.0
2.503,simultaneous_pose,130.0,0.0,130.0
2.505,simultaneous_pose,97.5,0.0,97.5
2.508,simultaneous_pose,123.5,6.5,130.0
2.51,simultaneous_pose,117.0,0.0,117.0
2.513,simultaneous_pose,130.0,0.0,130.0
2.516,simultaneous_pose,117.0,0.0,117.0
2.518,simultaneous_pose,136.5,0.0,136.5
2.521,simultaneous_pose,143.0,0.0,143.0
2.523,simultaneous_pose,136.5,0.0,136.5
2.526,simultaneous_pose,123.5,0.0,123.5
2.528,simultaneous_pose,130.0,0.0,130.0
2.531,simultaneous_pose,136.5,0.0,136.5
2.534,simultaneous_pose,162.5,0.0,162.5
2.536,simultaneous_pose,123.5,0.0,123.5
2.539,simultaneous_pose,97.5,0.0,97.5
2.541,simultaneous_pose,123.5,0.0,123.5
2.544,simultaneous_pose,143.0,0.0,143.0
2.546,simultaneous_pose,130.0,0.0,130.0
2.549,simultaneous_pose,149.5,0.0,149.5
2.552,simultaneous_pose,123.5,0.0,123.5
2.554,simultaneous_pose,130.0,0.0,130.0
2.557,simultaneous_pose,136.5,0.0,136.5
2.559,simultaneous_pose,130.0,0.0,130.0
2.562,simultaneous_pose,123.5,0.0,123.5
2.565,simultaneous_pose,143.0,0.0,143.0
2.567,simultaneous_pose,130.0,0.0,130.0
2.57,simultaneous_pose,143.0,0.0,143.0
2.572,simultaneous_pose,143.0,0.0,143.0
2.575,simultaneous_pose,123.5,0.0,123.5
2.578,simultaneous_pose,143.0,0.0,143.0
2.58,simultaneous_pose,143.0,0.0,143.0
2.583,simultaneous_pose,117.0,0.0,117.0
2.586,simultaneous_pose,110.5,0.0,110.5
2.588,simultaneous_pose,143.0,0.0,143.0
2.591,simultaneous_pose,143.0,0.0,143.0
2.593,simultaneous_pose,117.0,0.0,117.0
2.596,simultaneous_pose,136.5,0.0,136.5
2.598,simultaneous_pose,136.5,0.0,136.5
2.601,simultaneous_pose,156.0,6.5,162.5
2.604,simultaneous_pose,123.5,0.0,123.5
2.606,simultaneous_pose,110.5,0.0,110.5
2.609,simultaneous_pose,123.5,0.0,123.5
2.611,simultaneous_pose,117.0,6.5,123.5
2.614,simultaneous_pose,97.5,0.0,97.5
2.617,simultaneous_pose,130.0,6.5,136.5
2.619,simultaneous_pose,97.5,0.0,97.5
2.622,simultaneous_pose,123.5,0.0,123.5
2.624,simultaneous_pose,117.0,0.0,117.0
2.627,simultaneous_pose,149.5,0.0,149.5
2.63,simultaneous_pose,136.5,0.0,136.5
2.632,simultaneous_pose,130.0,0.0,130.0
2.635,simultaneous_pose,117.0,0.0,117.0
2.638,simultaneous_pose,123.5,0.0,123.5
2.64,simultaneous_pose,149.5,0.0,149.5
2.643,simultaneous_pose,143.0,6.5,149.5
2.645,simultaneous_pose,104.0,0.0,104.0
2.648,simultaneous_pose,136.5,0.0,136.5
2.651,simultaneous_pose,156.0,0.0,156.0
2.653,simultaneous_pose,143.0,0.0,143.0
2.656,simultaneous_pose,130.0,0.0,130.0
2.659,simultaneous_pose,130.0,0.0,130.0
2.661,simultaneous_pose,104.0,0.0,104.0
2.664,simultaneous_pose,130.0,6.5,136.5
2.666,simultaneous_pose,130.0,0.0,130.0
2.669,simultaneous_pose,110.5,6.5,117.0
2.671,simultaneous_pose,117.0,0.0,117.0
2.674,simultaneous_pose,130.0,6.5,136.5
2.677,simultaneous_pose,149.5,0.0,149.5
2.679,simultaneous_pose,130.0,0.0,130.0
2.682,simultaneous_pose,123.5,0.0,123.5
2.684,simultaneous_pose,110.5,0.0,110.5
2.687,simultaneous_pose,136.5,6.5,143.0
2.689,simultaneous_pose,123.5,0.0,123.5
2.692,simultaneous_pose,130.0,0.0,130.0
2.695,simultaneous_pose,136.5,0.0,136.5
2.697,simultaneous_pose,143.0,0.0,143.0
2.7,simultaneous_pose,130.0,0.0,130.0
2.702,simultaneous_pose,117.0,0.0,117.0
2.705,simultaneous_pose,117.0,0.0,117.0
2.708,simultaneous_pose,130.0,0.0,130.0
2.71,simultaneous_pose,123.5,0.0,123.5
2.713,simultaneous_pose,130.0,0.0,130.0
2.716,simultaneous_pose,123.5,0.0,123.5
2.718,simultaneous_pose,104.0,0.0,104.0
2.721,simultaneous_pose,130.0,0.0,130.0
2.723,simultaneous_pose,117.0,0.0,117.0
2.726,simultaneous_pose,136.5,0.0,136.5
2.728,simultaneous_pose,143.0,0.0,143.0
2.731,simultaneous_pose,123.5,0.0,123.5
2.734,simultaneous_pose,123.5,0.0,123.5
2.736,simultaneous_pose,136.5,0.0,136.5
2.739,simultaneous_pose,117.0,0.0,117.0
2.741,simultaneous_pose,110.5,0.0,110.5
2.744,simultaneous_pose,143.0,0.0,143.0
2.746,simultaneous_pose,123.5,0.0,123.5
2.749,simultaneous_pose,143.0,0.0,143.0
2.752,simultaneous_pose,136.5,0.0,136.5
2.754,simultaneous_pose,123.5,0.0,123.5
2.757,simultaneous_pose,130.0,0.0,130.0
2.759,simultaneous_pose,104.0,0.0,104.0
2.762,simultaneous_pose,136.5,0.0,136.5
2.765,simultaneous_pose,110.5,6.5,117.0
2.767,simultaneous_pose,149.5,6.5,156.0
2.77,simultaneous_pose,136.5,0.0,136.5
2.772,simultaneous_pose,123.5,6.5,130.0
2.775,simultaneous_pose,117.0,0.0,117.0
2.777,simultaneous_pose,123.5,6.5,130.0
2.78,simultaneous_pose,143.0,0.0,143.0
2.783,simultaneous_pose,130.0,0.0,130.0
2.785,simultaneous_pose,117.0,0.0,117.0
2.788,simultaneous_pose,130.0,0.0,130.0
2.791,simultaneous_pose,130.0,0.0,130.0
2.793,simultaneous_pose,130.0,0.0,130.0
2.796,simultaneous_pose,136.5,0.0,136.5
2.798,simultaneous_pose,143.0,0.0,143.0
2.801,simultaneous_pose,143.0,0.0,143.0
2.803,simultaneous_pose,136.5,0.0,136.5
2.806,simultaneous_pose,123.5,0.0,123.5
2.809,simultaneous_pose,130.0,0.0,130.0
2.811,simultaneous_pose,149.5,0.0,149.5
2.814,simultaneous_pose,143.0,0.0,143.0
2.817,simultaneous_pose,136.5,6.5,143.0
2.819,simultaneous_pose,136.5,0.0,136.5
2.822,simultaneous_pose,130.0,0.0,130.0
2.824,simultaneous_pose,123.5,0.0,123.5
2.827,simultaneous_pose,117.0,0.0,117.0
2.83,simultaneous_pose,110.5,0.0,110.5
2.832,simultaneous_pose,156.0,6.5,162.5
2.835,simultaneous_pose,110.5,0.0,110.5
2.838,simultaneous_pose,136.5,0.0,136.5
2.84,simultaneous_pose,130.0,6.5,136.5
2.843,simultaneous_pose,130.0,0.0,130.0
2.846,simultaneous_pose,123.5,0.0,123.5
2.848,simultaneous_pose,123.5,0.0,123.5
2.851,simultaneous_pose,110.5,6.5,117.0
2.853,simultaneous_pose,117.0,0.0,117.0
2.856,simultaneous_pose,143.0,0.0,143.0
2.859,simultaneous_pose,136.5,0.0,136.5
2.862,simultaneous_pose,104.0,0.0,104.0
2.864,simultaneous_pose,130.0,0.0,130.0
2.867,simultaneous_pose,117.0,6.5,123.5
2.869,simultaneous_pose,117.0,0.0,117.0
2.872,simultaneous_pose,130.0,0.0,130.0
2.875,simultaneous_pose,130.0,0.0,130.0
2.877,simultaneous_pose,110.5,0.0,110.5
2.88,simultaneous_pose,110.5,0.0,110.5
2.882,simultaneous_pose,130.0,0.0,130.0
2.885,simultaneous_pose,130.0,6.5,136.5
2.887,simultaneous_pose,130.0,0.0,130.0
2.89,simultaneous_pose,143.0,0.0,143.0
2.893,simultaneous_pose,110.5,0.0,110.5
2.895,simultaneous_pose,130.0,0.0,130.0
2.898,simultaneous_pose,104.0,6.5,110.5
2.901,simultaneous_pose,136.5,6.5,143.0
2.903,simultaneous_pose,143.0,0.0,143.0
2.906,simultaneous_pose,117.0,0.0,117.0
2.909,simultaneous_pose,123.5,6.5,130.0
2.911,simultaneous_pose,117.0,6.5,123.5
2.914,simultaneous_pose,136.5,0.0,136.5
2.916,simultaneous_pose,149.5,0.0,149.5
2.919,simultaneous_pose,130.0,6.5,136.5
2.921,simultaneous_pose,136.5,6.5,143.0
2.924,simultaneous_pose,149.5,6.5,156.0
2.927,simultaneous_pose,136.5,6.5,143.0
2.929,simultaneous_pose,117.0,0.0,117.0
2.932,simultaneous_pose,110.5,0.0,110.5
2.934,simultaneous_pose,136.5,6.5,143.0
2.937,simultaneous_pose,136.5,0.0,136.5
2.94,simultaneous_pose,162.5,0.0,162.5
2.943,simultaneous_pose,130.0,0.0,130.0
2.945,simultaneous_pose,136.5,0.0,136.5
2.948,simultaneous_pose,149.5,0.0,149.5
2.951,simultaneous_pose,136.5,0.0,136.5
2.953,simultaneous_pose,143.0,0.0,143.0
2.956,simultaneous_pose,117.0,0.0,117.0
2.959,simultaneous_pose,110.5,0.0,110.5
2.961,simultaneous_pose,123.5,0.0,123.5
2.964,simultaneous_pose,117.0,0.0,117.0
2.966,simultaneous_pose,117.0,0.0,117.0
2.969,simultaneous_pose,130.0,0.0,130.0
2.972,simultaneous_pose,156.0,0.0,156.0
2.975,simultaneous_pose,123.5,0.0,123.5
2.977,simultaneous_pose,123.5,0.0,123.5
2.98,simultaneous_pose,136.5,0.0,136.5
2.983,simultaneous_pose,156.0,0.0,156.0
2.985,simultaneous_pose,117.0,0.0,117.0
2.988,simultaneous_pose,130.0,0.0,130.0
2.991,simultaneous_pose,130.0,0.0,130.0
2.993,simultaneous_pose,130.0,0.0,130.0
2.996,simultaneous_pose,130.0,0.0,130.0
2.999,simultaneous_pose,117.0,6.5,123.5
3.001,simultaneous_pose,162.5,0.0,162.5
0.003,settled,136.5,0.0,136.5
0.005,settled,110.5,0.0,110.5
0.008,settled,156.0,0.0,156.0
0.01,settled,130.0,0.0,130.0
0.013,settled,130.0,0.0,130.0
0.015,settled,143.0,0.0,143.0
0.018,settled,130.0,0.0,130.0
0.021,settled,136.5,0.0,136.5
0.023,settled,117.0,0.0,117.0
0.026,settled,136.5,0.0,136.5
0.028,settled,123.5,0.0,123.5
0.031,settled,117.0,0.0,117.0
0.034,settled,123.5,6.5,130.0
0.036,settled,117.0,0.0,117.0
0.039,settled,117.0,0.0,117.0
0.042,settled,117.0,0.0,117.0
0.044,settled,110.5,0.0,110.5
0.047,settled,97.5,0.0,97.5
0.049,settled,123.5,0.0,123.5
0.052,settled,104.0,0.0,104.0
0.055,settled,130.0,0.0,130.0
0.057,settled,117.0,0.0,117.0
0.06,settled,136.5,0.0,136.5
0.062,settled,130.0,6.5,136.5
0.065,settled,123.5,0.0,123.5
0.068,settled,123.5,0.0,123.5
0.07,settled,117.0,0.0,117.0
0.073,settled,117.0,0.0,117.0
0.075,settled,117.0,0.0,117.0
0.078,settled,130.0,0.0,130.0
0.08,settled,136.5,0.0,136.5
0.083,settled,117.0,0.0,117.0
0.086,settled,117.0,0.0,117.0
0.088,settled,110.5,0.0,110.5
0.091,settled,136.5,0.0,136.5
0.093,settled,136.5,0.0,136.5
0.096,settled,143.0,0.0,143.0
0.099,settled,117.0,0.0,117.0
0.101,settled,143.0,0.0,143.0
0.104,settled,123.5,0.0,123.5
0.107,settled,110.5,0.0,110.5
0.109,settled,143.0,0.0,143.0
0.112,settled,110.5,0.0,110.5
0.115,settled,110.5,0.0,110.5
0.117,settled,130.0,0.0,130.0
0.12,settled,136.5,0.0,136.5
0.123,settled,110.5,0.0,110.5
0.125,settled,130.0,0.0,130.0
0.128,settled,123.5,0.0,123.5
0.13,settled,130.0,0.0,130.0
0.133,settled,117.0,0.0,117.0
0.135,settled,110.5,0.0,110.5
0.138,settled,136.5,0.0,136.5
0.141,settled,143.0,0.0,143.0
0.143,settled,149.5,0.0,149.5
0.146,settled,130.0,0.0,130.0
0.149,settled,117.0,6.5,123.5
0.151,settled,136.5,0.0,136.5
0.154,settled,143.0,0.0,143.0
0.156,settled,130.0,0.0,130.0
0.159,settled,104.0,0.0,104.0
0.162,settled,117.0,6.5,123.5
0.164,settled,123.5,0.0,123.5
0.167,settled,149.5,0.0,149.5
0.169,settled,110.5,0.0,110.5
0.172,settled,136.5,0.0,136.5
0.175,settled,123.5,0.0,123.5
0.177,settled,117.0,0.0,117.0
0.18,settled,136.5,0.0,136.5
0.182,settled,156.0,6.5,162.5
0.185,settled,136.5,0.0,136.5
0.188,settled,130.0,0.0,130.0
0.19,settled,123.5,6.5,130.0
0.193,settled,143.0,0.0,143.0
0.196,settled,136.5,6.5,143.0
0.198,settled,117.0,0.0,117.0
0.201,settled,130.0,0.0,130.0
0.204,settled,149.5,6.5,156.0
0.206,settled,136.5,0.0,136.5
0.209,settled,130.0,0.0,130.0
0.212,settled,136.5,6.5,143.0
0.214,settled,123.5,6.5,130.0
0.217,settled,123.5,0.0,123.5
0.22,settled,104.0,0.0,104.0
0.222,settled,136.5,6.5,143.0
0.225,settled,123.5,6.5,130.0
0.228,settled,123.5,6.5,130.0
0.23,settled,143.0,0.0,143.0
0.233,settled,143.0,0.0,143.0
0.236,settled,117.0,0.0,117.0
0.238,settled,143.0,0.0,143.0
0.241,settled,143.0,0.0,143.0
0.243,settled,117.0,0.0,117.0
0.246,settled,136.5,0.0,136.5
0.248,settled,136.5,0.0,136.5
0.251,settled,123.5,0.0,123.5
0.254,settled,130.0,0.0,130.0
0.256,settled,110.5,6.5,117.0
0.259,settled,130.0,0.0,130.0
0.262,settled,130.0,0.0,130.0
0.264,settled,123.5,0.0,123.5
0.267,settled,123.5,0.0,123.5
0.269,settled,123.5,0.0,123.5
0.272,settled,110.5,0.0,110.5
0.275,settled,130.0,0.0,130.0
0.277,settled,117.0,0.0,117.0
0.28,settled,130.0,0.0,130.0
0.282,settled,117.0,0.0,117.0
0.285,settled,136.5,0.0,136.5
0.288,settled,117.0,0.0,117.0
0.291,settled,130.0,0.0,130.0
0.293,settled,136.5,0.0,136.5
0.296,settled,149.5,0.0,149.5
0.299,settled,130.0,0.0,130.0
0.301,settled,117.0,0.0,117.0
0.304,settled,136.5,0.0,136.5
0.306,settled,130.0,6.5,136.5
0.309,settled,130.0,0.0,130.0
0.312,settled,110.5,0.0,110.5
0.314,settled,143.0,0.0,143.0
0.317,settled,123.5,6.5,130.0
0.32,settled,136.5,0.0,136.5
0.323,settled,149.5,6.5,156.0
0.325,settled,130.0,0.0,130.0
0.328,settled,143.0,0.0,143.0
0.331,settled,136.5,0.0,136.5
0.333,settled,136.5,0.0,136.5
0.336,settled,136.5,0.0,136.5
0.338,settled,162.5,6.5,169.0
0.341,settled,136.5,0.0,136.5
0.343,settled,130.0,6.5,136.5
0.346,settled,117.0,6.5,123.5
0.349,settled,143.0,0.0,143.0
0.351,settled,143.0,0.0,143.0
0.354,settled,123.5,0.0,123.5
0.357,settled,136.5,0.0,136.5
0.359,settled,136.5,0.0,136.5
0.362,settled,117.0,0.0,117.0
0.364,settled,130.0,0.0,130.0
0.367,settled,117.0,0.0,117.0
0.369,settled,130.0,0.0,130.0
0.372,settled,143.0,0.0,143.0
0.375,settled,117.0,0.0,117.0
0.377,settled,123.5,6.5,130.0
0.38,settled,136.5,0.0,136.5
0.382,settled,110.5,0.0,110.5
0.385,settled,117.0,0.0,117.0
0.388,settled,117.0,0.0,117.0
0.39,settled,104.0,0.0,104.0
0.393,settled,123.5,0.0,123.5
0.395,settled,136.5,0.0,136.5
0.398,settled,143.0,0.0,143.0
0.401,settled,117.0,0.0,117.0
0.403,settled,110.5,0.0,110.5
0.406,settled,143.0,0.0,143.0
0.409,settled,117.0,0.0,117.0
0.411,settled,143.0,0.0,143.0
0.414,settled,136.5,0.0,136.5
0.416,settled,110.5,0.0,110.5
0.419,settled,123.5,6.5,130.0
0.422,settled,123.5,0.0,123.5
0.424,settled,130.0,6.5,136.5
0.427,settled,123.5,0.0,123.5
0.429,settled,117.0,0.0,117.0
0.432,settled,123.5,0.0,123.5
0.435,settled,117.0,0.0,117.0
0.437,settled,110.5,0.0,110.5
0.44,settled,136.5,0.0,136.5
0.443,settled,117.0,0.0,117.0
0.445,settled,117.0,0.0,117.0
0.448,settled,136.5,6.5,143.0
0.451,settled,136.5,0.0,136.5
0.453,settled,117.0,6.5,123.5
0.456,settled,130.0,0.0,130.0
0.458,settled,123.5,0.0,123.5
0.461,settled,117.0,0.0,117.0
0.463,settled,136.5,0.0,136.5
0.466,settled,123.5,0.0,123.5
0.469,settled,149.5,6.5,156.0
0.472,settled,130.0,0.0,130.0
0.474,settled,130.0,0.0,130.0
0.477,settled,117.0,0.0,117.0
0.479,settled,130.0,0.0,130.0
0.482,settled,130.0,0.0,130.0
0.485,settled,143.0,6.5,149.5
0.487,settled,149.5,0.0,149.5
0.49,settled,136.5,0.0,136.5
0.492,settled,123.5,0.0,123.5
0.495,settled,149.5,0.0,149.5
0.498,settled,123.5,0.0,123.5
0.5,settled,123.5,0.0,123.5
0.503,settled,143.0,0.0,143.0
0.506,settled,130.0,0.0,130.0
0.508,settled,117.0,0.0,117.0
0.511,settled,123.5,0.0,123.5
0.514,settled,130.0,0.0,130.0
0.516,settled,143.0,0.0,143.0
0.519,settled,123.5,0.0,123.5
0.521,settled,130.0,0.0,130.0
0.524,settled,143.0,0.0,143.0
0.527,settled,110.5,0.0,110.5
0.529,settled,130.0,0.0,130.0
0.532,settled,136.5,0.0,136.5
0.534,settled,130.0,0.0,130.0
0.537,settled,117.0,0.0,117.0
0.54,settled,117.0,0.0,117.0
0.542,settled,136.5,6.5,143.0
0.545,settled,156.0,0.0,156.0
0.547,settled,117.0,0.0,117.0
0.55,settled,123.5,0.0,123.5
0.553,settled,91.0,6.5,97.5
0.555,settled,136.5,0.0,136.5
0.558,settled,143.0,0.0,143.0
0.561,settled,123.5,0.0,123.5
0.563,settled,130.0,0.0,130.0
0.566,settled,149.5,0.0,149.5
0.569,settled,117.0,0.0,117.0
0.571,settled,123.5,0.0,123.5
0.574,settled,143.0,0.0,143.0
0.576,settled,143.0,0.0,143.0
0.579,settled,117.0,0.0,117.0
0.582,settled,123.5,6.5,130.0
0.584,settled,130.0,6.5,136.5
0.587,settled,123.5,0.0,123.5
0.589,settled,156.0,0.0,156.0
0.592,settled,123.5,0.0,123.5
0.595,settled,130.0,6.5,136.5
0.597,settled,130.0,0.0,130.0
0.6,settled,117.0,0.0,117.0
0.603,settled,136.5,6.5,143.0
0.606,settled,136.5,6.5,143.0
0.608,settled,130.0,6.5,136.5
0.611,settled,123.5,0.0,123.5
0.614,settled,136.5,0.0,136.5
0.616,settled,117.0,0.0,117.0
0.619,settled,117.0,6.5,123.5
0.621,settled,130.0,0.0,130.0
0.624,settled,123.5,0.0,123.5
0.627,settled,123.5,0.0,123.5
0.629,settled,136.5,0.0,136.5
0.632,settled,110.5,0.0,110.5
0.635,settled,136.5,0.0,136.5
0.637,settled,136.5,0.0,136.5
0.64,settled,117.0,0.0,117.0
0.642,settled,130.0,0.0,130.0
0.645,settled,143.0,0.0,143.0
0.648,settled,117.0,0.0,117.0
0.65,settled,123.5,0.0,123.5
0.653,settled,136.5,0.0,136.5
0.655,settled,175.5,0.0,175.5
0.658,settled,110.5,0.0,110.5
0.661,settled,162.5,0.0,162.5
0.663,settled,143.0,0.0,143.0
0.666,settled,143.0,0.0,143.0
0.669,settled,156.0,0.0,156.0
0.671,settled,143.0,0.0,143.0
0.674,settled,136.5,0.0,136.5
0.677,settled,136.5,0.0,136.5
0.679,settled,149.5,0.0,149.5
0.682,settled,123.5,0.0,123.5
0.684,settled,143.0,0.0,143.0
0.687,settled,149.5,0.0,149.5
0.689,settled,143.0,0.0,143.0
0.692,settled,149.5,0.0,149.5
0.695,settled,136.5,0.0,136.5
0.697,settled,123.5,0.0,123.5
0.7,settled,130.0,0.0,130.0
0.702,settled,143.0,6.5,149.5
0.705,settled,123.5,6.5,130.0
0.708,settled,136.5,0.0,136.5
0.71,settled,130.0,0.0,130.0
0.713,settled,136.5,0.0,136.5
0.715,settled,130.0,6.5,136.5
0.718,settled,136.5,0.0,136.5
0.721,settled,136.5,0.0,136.5
0.723,settled,123.5,0.0,123.5
0.726,settled,117.0,0.0,117.0
0.728,settled,130.0,0.0,130.0
0.731,settled,117.0,6.5,123.5
0.734,settled,136.5,0.0,136.5
0.736,settled,143.0,0.0,143.0
0.739,settled,143.0,6.5,149.5
0.741,settled,136.5,0.0,136.5
0.744,settled,110.5,0.0,110.5
0.746,settled,110.5,0.0,110.5
0.749,settled,149.5,0.0,149.5
0.752,settled,136.5,0.0,136.5
0.754,settled,123.5,6.5,130.0
0.757,settled,149.5,0.0,149.5
0.759,settled,130.0,6.5,136.5
0.762,settled,117.0,0.0,117.0
0.764,settled,130.0,0.0,130.0
0.767,settled,123.5,0.0,123.5
0.77,settled,123.5,0.0,123.5
0.772,settled,123.5,0.0,123.5
0.775,settled,117.0,6.5,123.5
0.778,settled,123.5,6.5,130.0
0.78,settled,143.0,0.0,143.0
0.783,settled,143.0,0.0,143.0
0.786,settled,143.0,0.0,143.0
0.788,settled,123.5,0.0,123.5
0.791,settled,123.5,0.0,123.5
0.793,settled,136.5,0.0,136.5
0.796,settled,117.0,0.0,117.0
0.798,settled,130.0,0.0,130.0
0.801,settled,97.5,6.5,104.0
0.804,settled,110.5,6.5,117.0
0.806,settled,110.5,0.0,110.5
0.809,settled,110.5,0.0,110.5
0.812,settled,117.0,0.0,117.0
0.814,settled,123.5,6.5,130.0
0.817,settled,136.5,0.0,136.5
0.82,settled,136.5,0.0,136.5
0.822,settled,136.5,0.0,136.5
0.825,settled,130.0,0.0,130.0
0.827,settled,136.5,0.0,136.5
0.83,settled,117.0,0.0,117.0
0.833,settled,117.0,6.5,123.5
0.835,settled,117.0,0.0,117.0
0.838,settled,143.0,0.0,143.0
0.84,settled,123.5,0.0,123.5
0.843,settled,130.0,0.0,130.0
0.846,settled,123.5,0.0,123.5
0.848,settled,143.0,0.0,143.0
0.851,settled,136.5,0.0,136.5
0.853,settled,136.5,0.0,136.5
0.856,settled,136.5,0.0,136.5
0.858,settled,130.0,0.0,130.0
0.861,settled,123.5,0.0,123.5
0.864,settled,136.5,0.0,136.5
0.867,settled,117.0,0.0,117.0
0.869,settled,130.0,6.5,136.5
0.872,settled,136.5,0.0,136.5
0.875,settled,156.0,6.5,162.5
0.877,settled,130.0,0.0,130.0
0.88,settled,136.5,0.0,136.5
0.882,settled,136.5,0.0,136.5
0.885,settled,143.0,0.0,143.0
0.888,settled,117.0,0.0,117.0
0.89,settled,143.0,6.5,149.5
0.893,settled,136.5,0.0,136.5
0.895,settled,117.0,0.0,117.0
0.898,settled,123.5,0.0,123.5
0.901,settled,130.0,6.5,136.5
0.903,settled,143.0,0.0,143.0
0.906,settled,123.5,0.0,123.5
0.909,settled,149.5,6.5,156.0
0.911,settled,130.0,6.5,136.5
0.914,settled,123.5,0.0,123.5
0.917,settled,117.0,0.0,117.0
0.919,settled,130.0,0.0,130.0
0.922,settled,156.0,6.5,162.5
0.924,settled,149.5,0.0,149.5
0.927,settled,130.0,0.0,130.0
0.93,settled,149.5,0.0,149.5
0.932,settled,117.0,6.5,123.5
0.935,settled,156.0,0.0,156.0
0.937,settled,130.0,0.0,130.0
0.94,settled,136.5,6.5,143.0
0.943,settled,123.5,0.0,123.5
0.945,settled,123.5,0.0,123.5
0.948,settled,123.5,0.0,123.5
0.95,settled,143.0,6.5,149.5
0.953,settled,123.5,0.0,123.5
0.956,settled,130.0,0.0,130.0
0.958,settled,130.0,0.0,130.0
0.961,settled,130.0,0.0,130.0
0.964,settled,123.5,0.0,123.5
0.966,settled,143.0,0.0,143.0
0.969,settled,117.0,0.0,117.0
0.972,settled,156.0,0.0,156.0
0.974,settled,123.5,0.0,123.5
0.977,settled,130.0,0.0,130.0
0.979,settled,123.5,6.5,130.0
0.982,settled,130.0,0.0,130.0
0.985,settled,117.0,0.0,117.0
0.987,settled,110.5,0.0,110.5
0.99,settled,117.0,0.0,117.0
0.992,settled,149.5,0.0,149.5
0.995,settled,130.0,0.0,130.0
0.998,settled,117.0,0.0,117.0
1.0,settled,123.5,6.5,130.0
1.003,settled,136.5,0.0,136.5
1.005,settled,130.0,0.0,130.0
1.008,settled,130.0,0.0,130.0
1.011,settled,143.0,0.0,143.0
1.013,settled,149.5,0.0,149.5
1.016,settled,123.5,0.0,123.5
1.019,settled,143.0,6.5,149.5
1.021,settled,136.5,0.0,136.5
1.024,settled,110.5,6.5,117.0
1.027,settled,143.0,0.0,143.0
1.029,settled,130.0,0.0,130.0
1.032,settled,104.0,0.0,104.0
1.035,settled,143.0,0.0,143.0
1.037,settled,130.0,0.0,130.0
1.04,settled,136.5,0.0,136.5
1.043,settled,143.0,0.0,143.0
1.045,settled,136.5,6.5,143.0
1.048,settled,130.0,0.0,130.0
1.051,settled,143.0,0.0,143.0
1.053,settled,149.5,0.0,149.5
1.056,settled,130.0,0.0,130.0
1.058,settled,143.0,0.0,143.0
1.061,settled,136.5,0.0,136.5
1.064,settled,149.5,6.5,156.0
1.066,settled,143.0,0.0,143.0
1.069,settled,143.0,0.0,143.0
1.071,settled,123.5,0.0,123.5
1.074,settled,143.0,0.0,143.0
1.077,settled,143.0,0.0,143.0
1.079,settled,123.5,0.0,123.5
1.082,settled,110.5,0.0,110.5
1.084,settled,110.5,0.0,110.5
1.087,settled,130.0,6.5,136.5
1.09,settled,136.5,0.0,136.5
1.092,settled,97.5,0.0,97.5
1.095,settled,123.5,0.0,123.5
1.097,settled,110.5,0.0,110.5
1.1,settled,162.5,0.0,162.5
1.103,settled,149.5,0.0,149.5
1.105,settled,110.5,0.0,110.5
1.108,settled,143.0,0.0,143.0
1.11,settled,117.0,0.0,117.0
1.113,settled,110.5,0.0,110.5
1.116,settled,136.5,0.0,136.5
1.118,settled,123.5,0.0,123.5
1.121,settled,117.0,6.5,123.5
1.124,settled,156.0,0.0,156.0
1.126,settled,136.5,0.0,136.5
1.129,settled,136.5,0.0,136.5
1.132,settled,136.5,0.0,136.5
1.134,settled,130.0,0.0,130.0
1.137,settled,143.0,0.0,143.0
1.139,settled,130.0,0.0,130.0
1.142,settled,117.0,6.5,123.5
1.145,settled,110.5,0.0,110.5
1.147,settled,130.0,0.0,130.0
1.15,settled,149.5,6.5,156.0
1.153,settled,123.5,0.0,123.5
1.155,settled,136.5,0.0,136.5
1.158,settled,123.5,0.0,123.5
1.16,settled,117.0,0.0,117.0
1.163,settled,143.0,0.0,143.0
1.166,settled,123.5,0.0,123.5
1.168,settled,130.0,0.0,130.0
1.171,settled,130.0,0.0,130.0
1.173,settled,110.5,0.0,110.5
1.176,settled,143.0,0.0,143.0
1.179,settled,117.0,0.0,117.0
1.181,settled,117.0,0.0,117.0
1.184,settled,130.0,0.0,130.0
1.186,settled,117.0,0.0,117.0
1.189,settled,117.0,0.0,117.0
1.191,settled,136.5,0.0,136.5
1.194,settled,143.0,0.0,143.0
1.197,settled,117.0,0.0,117.0
1.199,settled,117.0,0.0,117.0
1.202,settled,143.0,0.0,143.0
1.205,settled,130.0,0.0,130.0
1.207,settled,149.5,6.5,156.0
1.21,settled,136.5,0.0,136.5
1.212,settled,136.5,0.0,136.5
1.215,settled,130.0,0.0,130.0
1.218,settled,143.0,0.0,143.0
1.22,settled,136.5,0.0,136.5
1.223,settled,117.0,0.0,117.0
1.226,settled,136.5,0.0,136.5
1.228,settled,130.0,0.0,130.0
1.231,settled,130.0,0.0,130.0
1.234,settled,156.0,0.0,156.0
1.236,settled,136.5,0.0,136.5
1.239,settled,156.0,0.0,156.0
1.241,settled,149.5,0.0,149.5
1.244,settled,130.0,0.0,130.0
1.247,settled,123.5,0.0,123.5
1.249,settled,117.0,0.0,117.0
1.252,settled,143.0,6.5,149.5
1.254,settled,143.0,0.0,143.0
1.257,settled,117.0,0.0,117.0
1.26,settled,149.5,0.0,149.5
1.262,settled,136.5,0.0,136.5
1.265,settled,143.0,0.0,143.0
1.268,settled,136.5,6.5,143.0
1.27,settled,117.0,6.5,123.5
1.273,settled,123.5,0.0,123.5
1.275,settled,149.5,0.0,149.5
1.278,settled,143.0,0.0,143.0
1.281,settled,156.0,0.0,156.0
1.283,settled,136.5,0.0,136.5
1.286,settled,123.5,0.0,123.5
1.288,settled,136.5,0.0,136.5
1.291,settled,130.0,0.0,130.0
1.294,settled,130.0,0.0,130.0
1.297,settled,136.5,0.0,136.5
1.299,settled,123.5,0.0,123.5
1.302,settled,110.5,6.5,117.0
1.304,settled,136.5,0.0,136.5
1.307,settled,136.5,0.0,136.5
1.31,settled,136.5,0.0,136.5
1.312,settled,110.5,0.0,110.5
1.315,settled,123.5,6.5,130.0
1.317,settled,130.0,0.0,130.0
1.32,settled,117.0,0.0,117.0
1.322,settled,130.0,0.0,130.0
1.325,settled,136.5,0.0,136.5
1.328,settled,104.0,0.0,104.0
1.33,settled,130.0,0.0,130.0
1.333,settled,130.0,0.0,130.0
1.336,settled,123.5,0.0,123.5
1.338,settled,117.0,0.0,117.0
1.341,settled,123.5,0.0,123.5
1.343,settled,110.5,0.0,110.5
1.346,settled,130.0,0.0,130.0
1.348,settled,123.5,6.5,130.0
1.351,settled,123.5,0.0,123.5
1.353,settled,117.0,0.0,117.0
1.356,settled,117.0,0.0,117.0
1.359,settled,143.0,0.0,143.0
1.361,settled,117.0,0.0,117.0
1.364,settled,130.0,0.0,130.0
1.367,settled,149.5,0.0,149.5
1.369,settled,136.5,0.0,136.5
1.372,settled,156.0,0.0,156.0
1.375,settled,123.5,0.0,123.5
1.377,settled,143.0,0.0,143.0
1.38,settled,136.5,0.0,136.5
1.383,settled,149.5,0.0,149.5
1.385,settled,130.0,0.0,130.0
1.388,settled,156.0,0.0,156.0
1.391,settled,117.0,0.0,117.0
1.393,settled,143.0,0.0,143.0
1.396,settled,143.0,0.0,143.0
1.399,settled,136.5,0.0,136.5
1.401,settled,117.0,0.0,117.0
1.404,settled,143.0,0.0,143.0
1.407,settled,136.5,0.0,136.5
1.409,settled,143.0,0.0,143.0
1.412,settled,130.0,0.0,130.0
1.415,settled,149.5,0.0,149.5
1.417,settled,136.5,0.0,136.5
1.42,settled,149.5,0.0,149.5
1.423,settled,123.5,0.0,123.5
1.425,settled,136.5,0.0,136.5
1.428,settled,110.5,0.0,110.5
1.431,settled,130.0,6.5,136.5
1.433,settled,130.0,0.0,130.0
1.436,settled,123.5,0.0,123.5
1.438,settled,117.0,0.0,117.0
1.441,settled,117.0,0.0,117.0
1.444,settled,110.5,0.0,110.5
1.446,settled,117.0,0.0,117.0
1.449,settled,130.0,0.0,130.0
1.452,settled,136.5,0.0,136.5
1.454,settled,123.5,6.5,130.0
1.457,settled,97.5,0.0,97.5
1.459,settled,104.0,0.0,104.0
1.462,settled,104.0,0.0,104.0
1.465,settled,110.5,0.0,110.5
1.467,settled,117.0,0.0,117.0
1.47,settled,110.5,0.0,110.5
1.473,settled,130.0,0.0,130.0
1.475,settled,136.5,0.0,136.5
1.478,settled,136.5,6.5,143.0
1.48,settled,156.0,0.0,156.0
1.483,settled,136.5,0.0,136.5
1.486,settled,130.0,0.0,130.0
1.488,settled,117.0,0.0,117.0
1.491,settled,117.0,0.0,117.0
1.493,settled,136.5,0.0,136.5
1.496,settled,130.0,0.0,130.0
1.499,settled,123.5,0.0,123.5
1.501,settled,117.0,0.0,117.0
1.504,settled,149.5,0.0,149.5
1.507,settled,123.5,0.0,123.5
1.509,settled,110.5,0.0,110.5
1.512,settled,110.5,0.0,110.5
1.514,settled,104.0,0.0,104.0
1.517,settled,130.0,0.0,130.0
1.52,settled,123.5,0.0,123.5
1.522,settled,136.5,0.0,136.5
1.525,settled,104.0,0.0,104.0
1.527,settled,104.0,0.0,104.0
1.53,settled,130.0,0.0,130.0
1.532,settled,130.0,0.0,130.0
1.535,settled,123.5,0.0,123.5
1.538,settled,117.0,0.0,117.0
1.54,settled,130.0,0.0,130.0
1.543,settled,130.0,0.0,130.0
1.546,settled,123.5,0.0,123.5
1.548,settled,110.5,0.0,110.5
1.551,settled,104.0,0.0,104.0
1.553,settled,130.0,0.0,130.0
1.556,settled,136.5,0.0,136.5
1.558,settled,143.0,0.0,143.0
1.561,settled,117.0,0.0,117.0
1.564,settled,143.0,0.0,143.0
1.566,settled,130.0,0.0,130.0
1.569,settled,130.0,0.0,130.0
1.571,settled,143.0,0.0,143.0
1.574,settled,130.0,6.5,136.5
1.577,settled,130.0,0.0,130.0
1.579,settled,136.5,0.0,136.5
1.582,settled,136.5,0.0,136.5
1.585,settled,156.0,0.0,156.0
1.587,settled,143.0,0.0,143.0
1.59,settled,110.5,6.5,117.0
1.592,settled,123.5,0.0,123.5
1.595,settled,130.0,0.0,130.0
1.597,settled,136.5,0.0,136.5
1.6,settled,162.5,0.0,162.5
1.603,settled,117.0,0.0,117.0
1.605,settled,136.5,0.0,136.5
1.608,settled,149.5,0.0,149.5
1.61,settled,143.0,0.0,143.0
1.613,settled,136.5,0.0,136.5
1.616,settled,149.5,0.0,149.5
1.618,settled,123.5,0.0,123.5
1.621,settled,130.0,0.0,130.0
1.623,settled,136.5,0.0,136.5
1.626,settled,117.0,0.0,117.0
1.628,settled,136.5,0.0,136.5
1.631,settled,130.0,0.0,130.0
1.634,settled,110.5,0.0,110.5
1.636,settled,136.5,0.0,136.5
1.639,settled,130.0,6.5,136.5
1.641,settled,136.5,0.0,136.5
1.644,settled,130.0,0.0,130.0
1.646,settled,136.5,6.5,143.0
1.649,settled,130.0,0.0,130.0
1.652,settled,136.5,0.0,136.5
1.654,settled,136.5,0.0,136.5
1.657,settled,149.5,0.0,149.5
1.66,settled,149.5,0.0,149.5
1.662,settled,143.0,0.0,143.0
1.665,settled,136.5,6.5,143.0
1.667,settled,136.5,0.0,136.5
1.67,settled,104.0,0.0,104.0
1.672,settled,149.5,0.0,149.5
1.675,settled,123.5,0.0,123.5
1.678,settled,130.0,0.0,130.0
1.68,settled,130.0,0.0,130.0
1.683,settled,130.0,0.0,130.0
1.685,settled,136.5,0.0,136.5
1.688,settled,104.0,0.0,104.0
1.69,settled,143.0,0.0,143.0
1.693,settled,156.0,6.5,162.5
1.696,settled,123.5,0.0,123.5
1.698,settled,143.0,6.5,149.5
1.701,settled,110.5,0.0,110.5
1.703,settled,117.0,0.0,117.0
1.706,settled,136.5,0.0,136.5
1.708,settled,110.5,0.0,110.5
1.711,settled,130.0,0.0,130.0
1.714,settled,123.5,0.0,123.5
1.716,settled,130.0,0.0,130.0
1.719,settled,149.5,0.0,149.5
1.721,settled,123.5,6.5,130.0
1.724,settled,130.0,0.0,130.0
1.727,settled,149.5,0.0,149.5
1.729,settled,123.5,0.0,123.5
1.732,settled,130.0,0.0,130.0
1.734,settled,136.5,0.0,136.5
1.737,settled,136.5,0.0,136.5
1.739,settled,156.0,0.0,156.0
1.742,settled,156.0,0.0,156.0
1.745,settled,136.5,0.0,136.5
1.747,settled,149.5,0.0,149.5
1.75,settled,130.0,0.0,130.0
1.752,settled,123.5,0.0,123.5
1.755,settled,130.0,0.0,130.0
1.757,settled,136.5,0.0,136.5
1.76,settled,123.5,0.0,123.5
1.763,settled,149.5,0.0,149.5
1.765,settled,130.0,0.0,130.0
1.768,settled,143.0,0.0,143.0
1.77,settled,130.0,0.0,130.0
1.773,settled,117.0,0.0,117.0
1.776,settled,162.5,0.0,162.5
1.778,settled,143.0,0.0,143.0
1.781,settled,149.5,0.0,149.5
1.783,settled,143.0,0.0,143.0
1.786,settled,136.5,0.0,136.5
1.789,settled,143.0,0.0,143.0
1.791,settled,130.0,0.0,130.0
1.794,settled,149.5,0.0,149.5
1.796,settled,143.0,0.0,143.0
1.799,settled,149.5,0.0,149.5
1.802,settled,123.5,0.0,123.5
1.804,settled,130.0,0.0,130.0
1.807,settled,123.5,0.0,123.5
1.809,settled,130.0,6.5,136.5
1.812,settled,123.5,0.0,123.5
1.815,settled,117.0,0.0,117.0
1.817,settled,130.0,0.0,130.0
1.82,settled,130.0,0.0,130.0
1.822,settled,123.5,0.0,123.5
1.825,settled,149.5,0.0,149.5
1.828,settled,117.0,0.0,117.0
1.83,settled,123.5,0.0,123.5
1.833,settled,110.5,6.5,117.0
1.836,settled,123.5,6.5,130.0
1.838,settled,149.5,0.0,149.5
1.841,settled,136.5,0.0,136.5
1.843,settled,123.5,0.0,123.5
1.846,settled,123.5,6.5,130.0
1.848,settled,130.0,0.0,130.0
1.851,settled,130.0,0.0,130.0
1.854,settled,117.0,0.0,117.0
1.856,settled,123.5,0.0,123.5
1.859,settled,143.0,0.0,143.0
1.861,settled,143.0,0.0,143.0
1.864,settled,117.0,0.0,117.0
1.866,settled,123.5,0.0,123.5
1.869,settled,110.5,0.0,110.5
1.872,settled,110.5,0.0,110.5
1.874,settled,136.5,0.0,136.5
1.877,settled,104.0,0.0,104.0
1.879,settled,123.5,6.5,130.0
1.882,settled,110.5,0.0,110.5
1.885,settled,136.5,0.0,136.5
1.887,settled,117.0,0.0,117.0
1.89,settled,136.5,0.0,136.5
1.892,settled,149.5,0.0,149.5
1.895,settled,143.0,0.0,143.0
1.898,settled,123.5,0.0,123.5
1.9,settled,130.0,0.0,130.0
1.903,settled,136.5,6.5,143.0
1.905,settled,123.5,0.0,123.5
1.908,settled,117.0,0.0,117.0
1.91,settled,123.5,0.0,123.5
1.913,settled,130.0,0.0,130.0
1.916,settled,123.5,0.0,123.5
1.918,settled,123.5,6.5,130.0
1.921,settled,130.0,0.0,130.0
1.923,settled,136.5,0.0,136.5
1.926,settled,143.0,0.0,143.0
1.929,settled,136.5,0.0,136.5
1.931,settled,130.0,6.5,136.5
1.934,settled,149.5,0.0,149.5
1.936,settled,123.5,6.5,130.0
1.939,settled,123.5,6.5,130.0
1.941,settled,130.0,0.0,130.0
1.944,settled,149.5,0.0,149.5
1.947,settled,143.0,0.0,143.0
1.949,settled,136.5,0.0,136.5
1.952,settled,130.0,0.0,130.0
1.955,settled,156.0,0.0,156.0
1.957,settled,136.5,0.0,136.5
1.96,settled,130.0,0.0,130.0
1.963,settled,130.0,0.0,130.0
1.965,settled,136.5,0.0,136.5
1.968,settled,149.5,0.0,149.5
1.97,settled,110.5,0.0,110.5
1.973,settled,156.0,0.0,156.0
1.976,settled,117.0,0.0,117.0
1.978,settled,123.5,0.0,123.5
1.981,settled,123.5,0.0,123.5
1.983,settled,136.5,0.0,136.5
1.986,settled,130.0,0.0,130.0
1.988,settled,130.0,0.0,130.0
1.991,settled,149.5,0.0,149.5
1.994,settled,143.0,0.0,143.0
1.996,settled,130.0,0.0,130.0
1.999,settled,143.0,0.0,143.0
2.001,settled,130.0,0.0,130.0
