t_s,vdd_in_mV,vdd_in_mA,servo_current_sum_raw,left.elbow_flex,left.gripper,left.shoulder_lift,left.shoulder_pan,left.wrist_flex,left.wrist_roll
0.0,,,0,0,0,0,0,0,0
0.0312,,,0,0,0,0,0,0,0
0.0674,,,0,0,0,0,0,0,0
0.1035,,,1,0,1,0,0,0,0
0.1395,,,0,0,0,0,0,0,0
0.1717,,,0,0,0,0,0,0,0
0.2051,,,0,0,0,0,0,0,0
0.2384,,,0,0,0,0,0,0,0
0.2717,,,0,0,0,0,0,0,0
0.3062,,,0,0,0,0,0,0,0
0.3426,,,0,0,0,0,0,0,0
0.3791,,,0,0,0,0,0,0,0
0.4126,,,0,0,0,0,0,0,0
0.4482,,,0,0,0,0,0,0,0
0.48,,,0,0,0,0,0,0,0
0.5165,,,0,0,0,0,0,0,0
0.5529,,,0,0,0,0,0,0,0
0.5884,,,0,0,0,0,0,0,0
0.6225,,,0,0,0,0,0,0,0
0.6584,,,0,,,,,,
1.3251,,,0,,,,,,
1.9883,,,0,0,0,0,0,0,0
2.1632,,,0,0,0,0,0,0,0
2.1967,,,0,0,0,0,0,0,0
2.2327,,,0,0,0,0,0,0,0
2.2688,,,0,0,0,0,0,0,0
2.3048,,,0,0,0,0,0,0,0
2.3409,,,0,0,0,0,0,0,0
2.3771,,,0,0,0,0,0,0,0
2.4133,,,0,0,0,0,0,0,0
2.4463,,,0,0,0,0,0,0,0
2.48,,,0,0,0,0,0,0,0
2.5133,,,0,0,0,0,0,0,0
2.5456,,,0,0,0,0,0,0,0
2.5811,,,0,0,0,0,0,0,0
2.6173,,,0,0,0,0,0,0,0
2.6536,,,0,0,0,0,0,0,0
2.6894,,,0,0,0,0,0,0,0
2.7216,,,0,0,0,0,0,0,0
2.7559,,,0,0,0,0,0,0,0
2.7921,,,0,0,0,0,0,0,0
2.8284,,,0,0,0,0,0,0,0
2.8633,,,0,0,0,0,0,0,0
2.8994,,,0,0,0,0,0,0,0
2.9355,,,1,1,0,0,0,0,0
2.9716,,,0,0,0,0,0,0,0
3.0077,,,0,0,0,0,0,0,0
3.0399,,,5,0,2,0,2,0,1
3.0761,,,5,1,1,1,1,0,1
3.1087,,,3,0,2,0,0,0,1
3.1411,,,3,0,1,0,1,0,1
3.1772,,,3,0,0,1,1,0,1
3.2124,,,3,1,1,0,1,0,0
3.2486,,,4,0,1,1,1,0,1
3.2849,,,3,0,1,0,1,0,1
3.3211,,,2,0,0,1,1,0,0
3.3574,,,3,0,0,1,1,0,1
3.3904,,,4,1,0,1,1,0,1
3.4261,,,3,0,1,1,1,0,0
3.4597,,,1,0,1,0,0,0,0
3.4919,,,2,0,1,0,1,0,0
3.5261,,,5,1,1,1,1,0,1
3.5623,,,2,0,0,0,1,0,1
3.5981,,,3,0,1,0,1,0,1
3.6345,,,2,0,1,0,0,0,1
3.6707,,,2,0,0,1,1,0,0
3.707,,,2,1,1,0,0,0,0
3.7425,,,4,0,1,1,1,0,1
3.7787,,,2,0,1,0,0,0,1
3.8149,,,3,1,0,1,1,0,0
3.8504,,,4,0,1,1,1,0,1
3.885,,,3,1,1,1,0,0,0
3.9168,,,3,1,0,1,1,0,0
3.9514,,,4,1,1,0,1,0,1
3.9871,,,1,0,1,0,0,0,0
4.0216,,,4,0,1,1,1,0,1
4.0568,,,3,0,1,1,0,0,1
4.0907,,,3,1,1,0,1,0,0
4.1266,,,1,0,1,0,0,0,0
4.1615,,,2,0,1,0,1,0,0
4.1973,,,3,0,0,1,1,0,1
4.2337,,,2,0,1,1,0,0,0
4.2692,,,2,1,1,0,0,0,0
4.3055,,,2,1,1,0,0,0,0
4.3412,,,4,1,1,1,0,0,1
4.3734,,,4,0,1,1,1,0,1
4.4053,,,2,0,0,0,1,0,1
4.4383,,,3,0,1,0,1,0,1
4.4746,,,1,0,1,0,0,0,0
4.5098,,,0,,,,,,
5.1741,,,0,0,0,0,0,0,0
5.4411,,,0,0,0,0,0,0,0
5.4771,,,0,0,0,0,0,0,0
5.51,,,1,0,0,0,1,0,0
5.5457,,,0,0,0,0,0,0,0
5.5818,,,0,0,0,0,0,0,0
5.6176,,,0,0,0,0,0,0,0
5.6493,,,0,0,0,0,0,0,0
5.6819,,,0,0,0,0,0,0,0
5.717,,,0,0,0,0,0,0,0
5.7534,,,0,0,0,0,0,0,0
5.7849,,,0,0,0,0,0,0,0
5.8207,,,0,0,0,0,0,0,0
5.8549,,,0,0,0,0,0,0,0
5.8904,,,0,0,0,0,0,0,0
5.9267,,,0,0,0,0,0,0,0
5.9629,,,0,0,0,0,0,0,0
5.9952,,,0,0,0,0,0,0,0
6.0289,,,5,1,2,1,0,1,0
6.0633,,,57,17,9,9,11,10,1
6.0985,,,148,59,24,18,22,25,0
6.1313,,,199,80,10,35,33,40,1
6.1675,,,271,132,8,53,16,61,1
6.2037,,,180,89,11,37,0,43,0
6.2383,,,117,63,10,16,0,28,0
6.2746,,,98,42,9,19,0,27,1
6.3108,,,44,0,7,13,2,21,1
6.347,,,33,0,9,0,1,22,1
6.3833,,,21,0,7,0,0,14,0
6.4183,,,28,16,7,0,1,4,0
6.454,,,33,21,9,2,0,0,1
6.4892,,,28,17,8,1,0,1,1
6.5256,,,13,6,7,0,0,0,0
6.5616,,,13,4,8,1,0,0,0
6.5946,,,9,4,2,0,1,1,1
6.6309,,,6,5,0,0,0,1,0
6.6671,,,9,6,1,0,0,2,0
6.6984,,,10,5,0,2,1,2,0
6.7307,,,15,8,1,2,1,2,1
6.7653,,,13,6,1,2,1,2,1
6.7983,,,13,6,1,2,1,2,1
6.8337,,,11,6,0,1,0,3,1
6.8682,,,12,6,1,1,1,2,1
6.9045,,,12,6,0,2,1,2,1
6.9383,,,15,7,1,3,1,2,1
6.9747,,,12,6,1,2,1,2,0
7.0088,,,12,6,1,2,0,2,1
7.045,,,11,7,1,1,0,2,0
7.08,,,10,6,0,1,0,2,1
7.1123,,,11,5,1,2,0,2,1
7.1457,,,11,6,1,2,0,2,0
7.1805,,,14,7,1,2,1,2,1
7.2121,,,10,5,1,1,1,2,0
7.2476,,,11,5,0,2,0,3,1
7.284,,,13,7,0,2,1,2,1
7.317,,,12,6,1,2,1,2,0
7.3489,,,12,6,1,1,1,2,1
7.3837,,,10,5,1,2,0,2,0
7.4197,,,12,6,1,2,1,2,0
7.4556,,,13,6,0,2,1,3,1
7.487,,,12,7,1,1,1,2,0
7.5207,,,11,5,1,2,0,3,0
7.555,,,23,1,4,11,5,1,1
7.5876,,,112,9,23,38,28,13,1
7.6231,,,180,13,17,61,66,22,1
7.6549,,,213,24,9,86,61,33,0
7.6909,,,191,44,10,85,3,49,0
7.7268,,,106,14,11,56,0,24,1
7.7585,,,61,0,10,33,0,18,0
7.7948,,,42,0,10,23,0,8,1
7.829,,,46,0,6,33,6,0,1
7.8618,,,11,0,10,0,0,1,0
7.8981,,,9,0,7,0,1,0,1
7.9345,,,12,0,8,0,4,0,0
7.9708,,,14,1,10,2,1,0,0
8.0061,,,15,0,10,2,2,0,1
8.0425,,,12,0,9,1,2,0,0
8.0789,,,9,1,7,0,1,0,0
8.1119,,,4,0,0,1,1,1,1
8.1466,,,6,1,0,3,1,0,1
8.1799,,,3,0,0,1,1,0,1
8.2161,,,3,0,0,1,1,0,1
8.2473,,,3,0,1,1,0,0,1
8.2787,,,3,0,1,0,1,0,1
8.3133,,,2,0,0,0,1,0,1
8.349,,,2,0,0,0,1,0,1
8.3853,,,3,1,0,1,1,0,0
8.4201,,,4,0,1,1,1,0,1
8.4549,,,4,1,1,1,1,0,0
8.4874,,,4,0,1,1,1,0,1
8.5233,,,6,1,1,1,2,0,1
8.5596,,,4,1,1,1,1,0,0
8.5923,,,4,1,1,0,1,0,1
8.6283,,,4,0,1,1,1,0,1
8.6648,,,6,1,1,1,1,1,1
8.7005,,,5,1,1,0,2,1,0
8.7334,,,3,0,1,1,1,0,0
8.7689,,,4,1,1,0,1,0,1
8.8051,,,3,0,1,1,1,0,0
8.8371,,,4,0,2,0,1,0,1
8.8714,,,2,0,1,0,1,0,0
8.9061,,,5,1,1,1,1,1,0
8.9424,,,4,1,1,0,1,0,1
8.9786,,,3,0,1,0,2,0,0
9.0148,,,6,1,1,0,2,1,1
9.0509,,,19,8,2,4,2,2,1
9.0871,,,111,33,22,16,22,17,1
9.1234,,,170,64,19,24,29,33,1
9.1567,,,231,109,9,45,19,49,0
9.1905,,,237,102,9,57,0,69,0
9.226,,,144,71,8,27,0,37,1
9.2587,,,117,57,9,19,0,31,1
9.2914,,,73,18,8,20,0,26,1
9.326,,,34,0,7,0,2,24,1
9.3606,,,33,0,10,0,1,21,1
9.3968,,,23,2,8,0,2,11,0
9.4332,,,31,21,8,0,1,0,1
9.467,,,35,23,9,2,0,0,1
9.5032,,,17,9,7,1,0,0,0
9.5379,,,13,6,6,0,0,1,0
9.5733,,,12,4,7,0,1,0,0
9.6095,,,11,7,0,0,2,1,1
9.6446,,,9,6,0,0,1,1,1
9.6769,,,10,7,1,1,0,1,0
9.7123,,,11,6,0,2,1,1,1
9.744,,,14,6,1,2,2,2,1
9.7799,,,12,6,1,1,1,2,1
9.8163,,,11,6,1,1,1,2,0
9.8481,,,10,6,1,1,0,2,0
9.88,,,9,5,1,1,0,2,0
9.9113,,,11,7,1,1,0,1,1
9.9475,,,12,6,1,2,0,2,1
9.9788,,,11,6,1,1,1,2,0
10.0132,,,11,6,1,1,1,2,0
10.0488,,,11,5,1,1,1,2,1
10.0803,,,11,6,0,1,1,2,1
10.1163,,,10,6,0,1,1,2,0
10.1502,,,8,6,0,1,0,1,0
10.1864,,,11,6,2,1,0,2,0
10.2226,,,11,6,0,1,1,2,1
10.2582,,,11,6,1,1,1,2,0
10.2944,,,12,6,1,1,1,2,1
10.3288,,,10,6,1,1,0,2,0
10.3652,,,10,6,0,1,1,2,0
10.4014,,,10,6,1,1,0,2,0
10.4357,,,12,6,1,1,1,2,1
10.4717,,,9,5,0,1,1,2,0
10.504,,,9,5,0,1,1,2,0
10.5378,,,10,4,0,3,1,1,1
10.5741,,,69,2,12,27,21,7,0
10.6057,,,121,11,24,41,30,14,1
10.642,,,183,16,11,66,65,25,0
10.6782,,,232,36,9,110,28,48,1
10.7145,,,150,29,10,73,0,38,0
10.7508,,,79,8,11,42,0,17,1
10.787,,,47,0,10,25,0,12,0
10.822,,,46,0,8,29,4,4,1
10.8565,,,14,0,9,0,1,4,0
10.8882,,,13,0,8,0,1,3,1
10.9216,,,14,0,10,0,3,0,1
10.9549,,,11,0,8,2,0,0,1
10.9912,,,16,2,10,4,0,0,0
11.0275,,,10,0,8,0,2,0,0
11.064,,,11,0,7,2,1,0,1
11.1004,,,10,0,10,0,0,0,0
11.1319,,,4,1,0,1,1,0,1
11.1661,,,4,0,0,1,2,0,1
11.2025,,,1,0,0,0,0,0,1
11.2387,,,4,0,2,1,0,0,1
11.275,,,3,0,1,0,2,0,0
11.3112,,,2,0,0,0,1,0,1
11.3475,,,2,1,0,0,1,0,0
11.3807,,,2,0,1,0,1,0,0
11.4132,,,4,1,1,0,1,0,1
11.4497,,,4,1,1,0,1,0,1
11.4859,,,3,0,1,1,1,0,0
11.5216,,,3,0,1,0,2,0,0
11.5551,,,3,1,1,0,1,0,0
11.5875,,,3,0,1,0,1,0,1
11.6207,,,5,1,2,1,1,0,0
11.6567,,,5,1,2,0,1,0,1
11.692,,,4,0,2,0,1,0,1
11.7275,,,4,1,1,1,1,0,0
11.7624,,,3,0,2,0,1,0,0
11.7984,,,4,0,1,0,2,0,1
11.8347,,,5,1,2,1,1,0,0
11.8701,,,3,1,1,0,1,0,0
11.9063,,,2,0,1,0,1,0,0
11.9427,,,5,1,1,0,2,0,1
11.9773,,,3,0,1,0,1,0,1
12.0123,,,4,1,1,1,1,0,0
12.0474,,,10,4,1,2,1,2,0
12.0838,,,89,22,17,14,20,16,0
12.12,,,166,62,27,18,32,27,0
12.1562,,,220,102,9,33,31,45,0
12.192,,,243,108,8,48,4,75,0
12.2282,,,156,76,9,33,0,37,1
12.264,,,107,55,7,17,0,27,1
12.2965,,,78,29,7,18,0,23,1
12.3321,,,36,0,10,2,1,22,1
12.3684,,,29,0,9,0,1,19,0
12.4046,,,27,4,8,0,2,12,1
12.4413,,,32,24,8,0,0,0,0
12.478,,,33,24,7,1,1,0,0
12.5142,,,18,9,8,0,0,0,1
12.5506,,,13,5,7,0,0,1,0
12.5868,,,14,4,7,0,1,1,1
12.6215,,,5,4,0,0,1,0,0
12.6556,,,9,6,0,0,1,1,1
12.6882,,,10,6,0,1,1,2,0
12.7245,,,11,6,0,2,0,2,1
12.7607,,,11,6,1,1,1,2,0
12.7924,,,11,5,1,2,1,2,0
12.8286,,,9,5,1,1,1,1,0
12.861,,,11,6,1,1,1,1,1
12.8966,,,10,6,1,2,0,1,0
12.9299,,,8,6,0,1,0,1,0
12.966,,,9,5,1,1,0,1,1
13.0022,,,10,6,1,1,1,1,0
13.0383,,,10,5,1,1,1,1,1
13.0747,,,11,6,1,1,1,1,1
13.1105,,,10,6,1,1,0,2,0
13.1459,,,0,,,,,,
13.8131,,,0,0,0,0,0,0,0
14.0837,,,0,0,0,0,0,0,0
14.1197,,,1,0,1,0,0,0,0
14.1558,,,1,0,0,0,0,0,1
14.1918,,,0,0,0,0,0,0,0
14.2279,,,0,0,0,0,0,0,0
14.2632,,,0,0,0,0,0,0,0
14.2971,,,0,0,0,0,0,0,0
14.3335,,,0,0,0,0,0,0,0
14.3698,,,0,0,0,0,0,0,0
14.4061,,,0,0,0,0,0,0,0
14.4411,,,0,0,0,0,0,0,0
14.4775,,,0,0,0,0,0,0,0
14.5088,,,1,0,0,0,1,0,0
14.5434,,,0,0,0,0,0,0,0
14.5798,,,0,0,0,0,0,0,0
14.6163,,,0,0,0,0,0,0,0
14.651,,,0,0,0,0,0,0,0
14.6865,,,0,0,0,0,0,0,0
14.7215,,,0,0,0,0,0,0,0
14.7549,,,0,0,0,0,0,0,0
14.7892,,,0,0,0,0,0,0,0
14.8255,,,0,0,0,0,0,0,0
14.8618,,,0,0,0,0,0,0,0
14.898,,,0,0,0,0,0,0,0
14.9306,,,0,0,0,0,0,0,0
14.9667,,,0,0,0,0,0,0,0
15.0029,,,0,0,0,0,0,0,0
15.0373,,,0,0,0,0,0,0,0
15.0715,,,0,0,0,0,0,0,0
15.1033,,,0,0,0,0,0,0,0
15.1352,,,5,1,0,2,1,1,0
15.1676,,,30,11,0,14,5,0,0
15.2038,,,60,21,0,39,0,0,0
15.2401,,,98,11,0,85,1,0,1
15.2715,,,144,0,0,142,1,0,1
15.3044,,,146,0,0,145,0,1,0
15.3402,,,123,0,0,123,0,0,0
15.3763,,,82,3,0,78,0,0,1
15.4087,,,78,3,0,73,1,0,1
15.4413,,,96,13,0,81,1,1,0
15.4777,,,193,5,0,183,1,3,1
15.5138,,,276,18,1,251,3,3,0
15.5483,,,343,27,0,309,4,3,0
15.5798,,,260,4,0,251,3,1,1
15.6125,,,111,1,0,109,1,0,0
15.6481,,,76,0,0,70,3,2,1
15.6844,,,74,5,0,69,0,0,0
15.7206,,,16,3,1,7,3,1,1
15.7541,,,5,2,1,0,1,0,1
15.7899,,,4,1,1,0,2,0,0
15.8215,,,1,1,0,0,0,0,0
15.855,,,6,2,1,1,0,2,0
15.8914,,,5,2,1,1,0,0,1
15.9277,,,12,3,1,7,0,1,0
15.9637,,,18,5,1,10,0,1,1
15.9998,,,19,4,1,11,1,1,1
16.036,,,8,2,0,6,0,0,0
16.0684,,,9,3,0,4,1,0,1
16.1046,,,9,3,1,4,0,1,0
16.1388,,,8,3,1,3,0,1,0
16.1711,,,7,2,0,4,0,1,0
16.2065,,,8,3,0,4,0,1,0
16.2402,,,8,3,1,4,0,0,0
16.2727,,,8,3,1,4,0,0,0
16.306,,,8,3,1,4,0,0,0
16.3423,,,9,3,1,4,0,1,0
16.3785,,,9,3,1,4,1,0,0
16.4132,,,10,3,0,5,1,1,0
16.4458,,,11,4,0,4,1,1,1
16.4819,,,10,3,1,4,0,1,1
16.5175,,,8,3,0,4,0,1,0
16.5537,,,9,3,1,4,0,1,0
16.5882,,,10,3,1,5,0,1,0
16.6215,,,10,3,1,5,0,1,0
16.6577,,,38,1,5,21,7,4,0
16.6939,,,112,8,24,42,25,13,0
16.7298,,,185,12,16,64,66,27,0
16.7662,,,217,29,7,97,50,34,0
16.8025,,,172,46,10,78,0,38,0
16.8388,,,92,10,10,51,0,21,0
16.8731,,,52,0,10,25,0,16,1
16.9074,,,38,0,8,26,0,4,0
16.9439,,,19,0,8,4,5,1,1
16.9796,,,13,0,9,0,0,4,0
17.0149,,,13,0,9,0,3,0,1
17.0502,,,13,0,7,4,1,0,1
17.0854,,,16,2,8,4,2,0,0
17.1174,,,14,1,10,1,2,0,0
17.1526,,,14,0,8,3,2,0,1
17.1889,,,13,0,11,1,1,0,0
17.2254,,,6,0,0,5,1,0,0
17.2616,,,3,0,0,1,2,0,0
17.2965,,,2,0,0,1,1,0,0
17.3328,,,3,0,2,0,0,0,1
17.3692,,,1,0,1,0,0,0,0
17.4055,,,2,0,1,0,0,0,1
17.4382,,,3,0,1,0,1,1,0
17.4745,,,5,0,1,0,2,1,1
17.5107,,,4,0,1,1,1,0,1
17.5461,,,4,0,2,0,1,0,1
17.5825,,,3,0,1,1,1,0,0
17.6171,,,5,1,1,1,1,0,1
17.6534,,,5,1,1,1,2,0,0
17.6869,,,4,0,2,0,1,0,1
17.7232,,,4,1,1,1,1,0,0
17.7595,,,5,1,1,1,2,0,0
17.7908,,,4,1,1,1,1,0,0
17.8224,,,4,1,1,1,1,0,0
17.8549,,,4,1,1,0,1,0,1
17.8875,,,4,1,1,0,1,0,1
17.924,,,4,0,2,0,2,0,0
17.9603,,,3,0,1,1,1,0,0
17.9965,,,5,0,1,1,1,1,1
18.0313,,,3,0,0,1,1,0,1
18.0676,,,5,1,1,0,2,0,1
18.1038,,,3,1,1,0,1,0,0
18.1359,,,5,1,1,1,1,0,1
18.1722,,,45,14,7,8,7,8,1
18.2085,,,140,48,28,16,24,23,1
18.2447,,,200,78,13,28,39,42,0
18.2808,,,257,123,8,46,16,64,0
18.3155,,,188,88,9,48,0,43,0
18.3502,,,119,59,9,22,0,29,0
18.3859,,,113,55,8,20,0,29,1
18.4181,,,51,0,10,19,0,21,1
18.4515,,,31,0,8,0,1,21,1
18.485,,,27,0,7,0,1,19,0
18.5169,,,26,7,8,0,1,10,0
18.5489,,,36,27,8,0,1,0,0
18.5851,,,26,16,8,2,0,0,0
18.6215,,,18,7,8,0,0,2,1
18.6548,,,13,5,8,0,0,0,0
18.6911,,,15,4,9,0,1,1,0
18.7273,,,6,4,0,0,1,1,0
18.7635,,,9,6,0,0,1,2,0
18.7997,,,12,6,1,1,1,2,1
18.8311,,,13,6,0,2,1,3,1
18.8673,,,11,6,0,2,1,2,0
18.9035,,,14,7,1,2,1,2,1
18.9356,,,10,5,1,1,1,1,1
18.9684,,,9,6,1,1,0,0,1
19.0047,,,11,6,1,2,1,1,0
19.0362,,,9,6,1,2,0,0,0
19.0724,,,10,6,1,2,0,1,0
19.1054,,,12,6,1,2,1,1,1
19.1417,,,9,6,0,1,1,1,0
19.1743,,,11,6,2,1,0,1,1
19.2106,,,11,6,1,2,1,1,0
19.246,,,10,6,2,1,0,1,0
19.2789,,,8,5,1,1,0,1,0
19.3152,,,11,7,0,1,1,1,1
19.3514,,,9,5,1,1,0,1,1
19.3842,,,10,6,1,2,0,1,0
19.4158,,,10,5,1,2,0,1,1
19.448,,,9,5,1,2,0,1,0
19.4798,,,11,6,1,2,0,1,1
19.516,,,11,6,1,2,0,1,1
19.5505,,,9,6,1,1,0,1,0
19.5865,,,9,6,1,1,0,1,0
19.6225,,,11,5,1,2,1,1,1
19.6589,,,15,2,2,6,4,1,0
19.6916,,,71,5,14,29,14,9,0
19.7278,,,156,11,25,56,46,17,1
19.7638,,,224,21,11,89,70,32,1
19.7964,,,209,40,7,108,7,47,0
19.8328,,,120,21,8,67,0,23,1
19.869,,,64,0,12,35,0,17,0
19.9012,,,42,0,10,20,0,11,1
19.9372,,,53,0,8,36,8,1,0
19.9729,,,11,0,10,0,1,0,0
20.0082,,,11,0,10,0,1,0,0
20.04,,,14,0,8,0,5,0,1
20.0729,,,13,0,9,4,0,0,0
20.1088,,,14,1,9,4,0,0,0
20.1437,,,11,0,8,0,3,0,0
20.1757,,,14,0,10,3,0,1,0
20.2119,,,11,0,9,1,1,0,0
20.2484,,,6,0,0,2,2,1,1
20.2811,,,3,0,0,1,1,0,1
20.3137,,,4,0,1,1,1,0,1
20.3465,,,3,0,1,1,0,0,1
20.3817,,,3,0,1,1,1,0,0
20.4169,,,2,0,1,0,1,0,0
20.4485,,,3,0,0,1,1,0,1
20.4798,,,3,0,0,1,1,0,1
20.5135,,,4,0,1,1,1,0,1
20.5474,,,4,0,1,1,1,0,1
20.5798,,,4,0,1,1,1,0,1
20.616,,,3,0,1,0,1,1,0
20.6492,,,2,0,1,0,0,0,1
20.6829,,,1,0,0,0,1,0,0
20.7192,,,2,0,1,0,1,0,0
20.7554,,,4,0,1,1,1,1,0
20.7913,,,4,0,1,1,1,0,1
20.8254,,,5,0,1,1,2,0,1
20.8575,,,4,0,1,1,1,0,1
20.8903,,,3,0,1,0,1,0,1
20.9263,,,3,0,1,1,1,0,0
20.9587,,,4,0,1,1,2,0,0
20.9949,,,3,0,1,1,1,0,0
21.0298,,,2,0,1,0,1,0,0
21.0644,,,4,0,1,1,1,0,1
21.0958,,,4,0,1,1,1,0,1
21.1322,,,2,0,1,0,1,0,0
