elapsed_s,timestamp,bus,motor,position,temp_c,current,load,target,baseline
0.0,2026-08-03T21:06:44.059773+00:00,arms,left_shoulder_pan,1856,37,0,1044,1857,1856
0.0,2026-08-03T21:06:44.059773+00:00,arms,left_shoulder_lift,2405,36,3,76,2389,2405
0.0,2026-08-03T21:06:44.059773+00:00,arms,left_elbow_flex,1642,38,2,64,1629,1642
0.0,2026-08-03T21:06:44.059773+00:00,arms,left_wrist_flex,2172,35,0,24,2169,2172
0.0,2026-08-03T21:06:44.059773+00:00,arms,left_wrist_roll,1987,34,0,1044,1989,1987
0.0,2026-08-03T21:06:44.059773+00:00,arms,left_gripper,2014,37,0,0,2014,2014
0.0,2026-08-03T21:06:44.059773+00:00,arms,right_shoulder_pan,1971,37,0,1044,1974,1971
0.0,2026-08-03T21:06:44.059773+00:00,arms,right_shoulder_lift,2296,38,0,0,2049,2295
0.0,2026-08-03T21:06:44.059773+00:00,arms,right_elbow_flex,2061,39,0,0,2097,2061
0.0,2026-08-03T21:06:44.059773+00:00,arms,right_wrist_flex,1984,36,0,30,1976,1984
0.0,2026-08-03T21:06:44.059773+00:00,arms,right_wrist_roll,2110,35,0,1046,2114,2110
0.0,2026-08-03T21:06:44.059773+00:00,arms,right_gripper,2053,38,0,0,2053,2053
0.0,2026-08-03T21:06:44.059773+00:00,head,head_motor_1,2158,32,0,0,,
0.0,2026-08-03T21:06:44.059773+00:00,head,head_motor_2,1943,32,0,0,,
0.0,2026-08-03T21:06:44.059773+00:00,head,base_left_wheel,3472,33,0,0,,
0.0,2026-08-03T21:06:44.059773+00:00,head,base_back_wheel,3494,34,0,0,,
0.0,2026-08-03T21:06:44.059773+00:00,head,base_right_wheel,2182,32,0,0,,
1.0,2026-08-03T21:06:45.060771+00:00,arms,left_shoulder_pan,1855,37,1,1044,1857,1856
1.0,2026-08-03T21:06:45.060771+00:00,arms,left_shoulder_lift,2405,36,3,76,2389,2405
1.0,2026-08-03T21:06:45.060771+00:00,arms,left_elbow_flex,1642,38,3,64,1629,1642
1.0,2026-08-03T21:06:45.060771+00:00,arms,left_wrist_flex,2172,34,0,24,2169,2172
1.0,2026-08-03T21:06:45.060771+00:00,arms,left_wrist_roll,1987,34,0,1044,1989,1987
1.0,2026-08-03T21:06:45.060771+00:00,arms,left_gripper,2014,37,0,0,2014,2014
1.0,2026-08-03T21:06:45.060771+00:00,arms,right_shoulder_pan,1981,37,1,28,1974,1971
1.0,2026-08-03T21:06:45.060771+00:00,arms,right_shoulder_lift,2247,38,84,410,2049,2295
1.0,2026-08-03T21:06:45.060771+00:00,arms,right_elbow_flex,2122,39,2,64,2097,2061
1.0,2026-08-03T21:06:45.060771+00:00,arms,right_wrist_flex,1987,36,1,36,1976,1984
1.0,2026-08-03T21:06:45.060771+00:00,arms,right_wrist_roll,2109,35,1,1048,2114,2110
1.0,2026-08-03T21:06:45.060771+00:00,arms,right_gripper,2053,38,0,0,2053,2053
1.0,2026-08-03T21:06:45.060771+00:00,head,head_motor_1,2158,32,0,0,,
1.0,2026-08-03T21:06:45.060771+00:00,head,head_motor_2,1943,32,0,0,,
1.0,2026-08-03T21:06:45.060771+00:00,head,base_left_wheel,3471,33,0,0,,
1.0,2026-08-03T21:06:45.060771+00:00,head,base_back_wheel,3494,34,0,0,,
1.0,2026-08-03T21:06:45.060771+00:00,head,base_right_wheel,2182,32,0,0,,
2.0,2026-08-03T21:06:46.061795+00:00,arms,left_shoulder_pan,1856,37,1,0,1857,1856
2.0,2026-08-03T21:06:46.061795+00:00,arms,left_shoulder_lift,2405,36,4,76,2389,2405
2.0,2026-08-03T21:06:46.061795+00:00,arms,left_elbow_flex,1642,38,2,64,1629,1642
2.0,2026-08-03T21:06:46.061795+00:00,arms,left_wrist_flex,2172,34,0,24,2169,2172
2.0,2026-08-03T21:06:46.061795+00:00,arms,left_wrist_roll,1987,34,1,1044,1989,1987
2.0,2026-08-03T21:06:46.061795+00:00,arms,left_gripper,2014,38,0,0,2014,2014
2.0,2026-08-03T21:06:46.061795+00:00,arms,right_shoulder_pan,1973,37,0,0,1974,1971
2.0,2026-08-03T21:06:46.061795+00:00,arms,right_shoulder_lift,2091,38,0,54,2049,2295
2.0,2026-08-03T21:06:46.061795+00:00,arms,right_elbow_flex,2110,39,1,40,2097,2061
2.0,2026-08-03T21:06:46.061795+00:00,arms,right_wrist_flex,1986,36,1,34,1976,1984
2.0,2026-08-03T21:06:46.061795+00:00,arms,right_wrist_roll,2109,35,0,1048,2114,2110
2.0,2026-08-03T21:06:46.061795+00:00,arms,right_gripper,2053,38,0,0,2053,2053
2.0,2026-08-03T21:06:46.061795+00:00,head,head_motor_1,2158,31,0,0,,
2.0,2026-08-03T21:06:46.061795+00:00,head,head_motor_2,1943,32,0,0,,
2.0,2026-08-03T21:06:46.061795+00:00,head,base_left_wheel,3472,33,0,0,,
2.0,2026-08-03T21:06:46.061795+00:00,head,base_back_wheel,3494,34,0,0,,
2.0,2026-08-03T21:06:46.061795+00:00,head,base_right_wheel,2182,32,0,0,,
3.0,2026-08-03T21:06:47.062821+00:00,arms,left_shoulder_pan,1856,37,0,0,1857,1856
3.0,2026-08-03T21:06:47.062821+00:00,arms,left_shoulder_lift,2405,36,3,76,2389,2405
3.0,2026-08-03T21:06:47.062821+00:00,arms,left_elbow_flex,1642,38,2,64,1629,1642
3.0,2026-08-03T21:06:47.062821+00:00,arms,left_wrist_flex,2172,34,1,24,2169,2172
3.0,2026-08-03T21:06:47.062821+00:00,arms,left_wrist_roll,1987,34,0,1044,1989,1987
3.0,2026-08-03T21:06:47.062821+00:00,arms,left_gripper,2014,38,0,0,2014,2014
3.0,2026-08-03T21:06:47.062821+00:00,arms,right_shoulder_pan,1972,37,0,1042,1974,1971
3.0,2026-08-03T21:06:47.062821+00:00,arms,right_shoulder_lift,2076,38,3,72,2049,2295
3.0,2026-08-03T21:06:47.062821+00:00,arms,right_elbow_flex,2114,39,1,48,2097,2061
3.0,2026-08-03T21:06:47.062821+00:00,arms,right_wrist_flex,1987,36,1,36,1976,1984
3.0,2026-08-03T21:06:47.062821+00:00,arms,right_wrist_roll,2109,35,1,1048,2114,2110
3.0,2026-08-03T21:06:47.062821+00:00,arms,right_gripper,2053,38,0,0,2053,2053
3.0,2026-08-03T21:06:47.062821+00:00,head,head_motor_1,2158,32,0,0,,
3.0,2026-08-03T21:06:47.062821+00:00,head,head_motor_2,1944,32,0,0,,
3.0,2026-08-03T21:06:47.062821+00:00,head,base_left_wheel,3472,33,0,0,,
3.0,2026-08-03T21:06:47.062821+00:00,head,base_back_wheel,3494,34,0,0,,
3.0,2026-08-03T21:06:47.062821+00:00,head,base_right_wheel,2182,34,0,0,,
4.0,2026-08-03T21:06:48.063852+00:00,arms,left_shoulder_pan,1856,37,0,0,1857,1856
4.0,2026-08-03T21:06:48.063852+00:00,arms,left_shoulder_lift,2405,36,3,76,2389,2405
4.0,2026-08-03T21:06:48.063852+00:00,arms,left_elbow_flex,1642,38,2,64,1629,1642
4.0,2026-08-03T21:06:48.063852+00:00,arms,left_wrist_flex,2172,34,0,24,2169,2172
4.0,2026-08-03T21:06:48.063852+00:00,arms,left_wrist_roll,1987,34,0,1044,1989,1987
4.0,2026-08-03T21:06:48.063852+00:00,arms,left_gripper,2014,38,0,0,2014,2014
4.0,2026-08-03T21:06:48.063852+00:00,arms,right_shoulder_pan,1974,37,0,0,1974,1971
4.0,2026-08-03T21:06:48.063852+00:00,arms,right_shoulder_lift,2098,38,8,112,2049,2295
4.0,2026-08-03T21:06:48.063852+00:00,arms,right_elbow_flex,2128,39,3,76,2097,2061
4.0,2026-08-03T21:06:48.063852+00:00,arms,right_wrist_flex,1987,36,1,36,1976,1984
4.0,2026-08-03T21:06:48.063852+00:00,arms,right_wrist_roll,2109,34,0,1048,2114,2110
4.0,2026-08-03T21:06:48.063852+00:00,arms,right_gripper,2053,38,0,0,2053,2053
4.0,2026-08-03T21:06:48.063852+00:00,head,head_motor_1,2158,32,0,0,,
4.0,2026-08-03T21:06:48.063852+00:00,head,head_motor_2,1944,32,0,0,,
4.0,2026-08-03T21:06:48.063852+00:00,head,base_left_wheel,3471,33,0,0,,
4.0,2026-08-03T21:06:48.063852+00:00,head,base_back_wheel,3494,34,0,0,,
4.0,2026-08-03T21:06:48.063852+00:00,head,base_right_wheel,2182,32,0,0,,
5.0,2026-08-03T21:06:49.064868+00:00,arms,left_shoulder_pan,1856,37,0,0,1857,1856
5.0,2026-08-03T21:06:49.064868+00:00,arms,left_shoulder_lift,2405,36,3,76,2389,2405
5.0,2026-08-03T21:06:49.064868+00:00,arms,left_elbow_flex,1642,38,3,64,1629,1642
5.0,2026-08-03T21:06:49.064868+00:00,arms,left_wrist_flex,2172,34,0,24,2169,2172
5.0,2026-08-03T21:06:49.064868+00:00,arms,left_wrist_roll,1987,34,1,1044,1989,1987
5.0,2026-08-03T21:06:49.064868+00:00,arms,left_gripper,2014,38,0,0,2014,2014
5.0,2026-08-03T21:06:49.064868+00:00,arms,right_shoulder_pan,1974,37,0,0,1974,1971
5.0,2026-08-03T21:06:49.064868+00:00,arms,right_shoulder_lift,2098,38,7,112,2049,2295
5.0,2026-08-03T21:06:49.064868+00:00,arms,right_elbow_flex,2128,39,3,76,2097,2061
5.0,2026-08-03T21:06:49.064868+00:00,arms,right_wrist_flex,1987,36,1,36,1976,1984
5.0,2026-08-03T21:06:49.064868+00:00,arms,right_wrist_roll,2109,34,0,1048,2114,2110
5.0,2026-08-03T21:06:49.064868+00:00,arms,right_gripper,2053,38,0,0,2053,2053
5.0,2026-08-03T21:06:49.064868+00:00,head,head_motor_1,2158,32,0,0,,
5.0,2026-08-03T21:06:49.064868+00:00,head,head_motor_2,1944,32,0,0,,
5.0,2026-08-03T21:06:49.064868+00:00,head,base_left_wheel,3471,33,0,0,,
5.0,2026-08-03T21:06:49.064868+00:00,head,base_back_wheel,3494,34,0,0,,
5.0,2026-08-03T21:06:49.064868+00:00,head,base_right_wheel,2182,32,0,0,,
6.0,2026-08-03T21:06:50.065885+00:00,arms,left_shoulder_pan,1856,37,0,0,1857,1856
6.0,2026-08-03T21:06:50.065885+00:00,arms,left_shoulder_lift,2405,36,3,76,2389,2405
6.0,2026-08-03T21:06:50.065885+00:00,arms,left_elbow_flex,1642,38,2,64,1629,1642
6.0,2026-08-03T21:06:50.065885+00:00,arms,left_wrist_flex,2172,35,1,24,2169,2172
6.0,2026-08-03T21:06:50.065885+00:00,arms,left_wrist_roll,1987,34,1,1044,1989,1987
6.0,2026-08-03T21:06:50.065885+00:00,arms,left_gripper,2014,38,0,0,2014,2014
6.0,2026-08-03T21:06:50.065885+00:00,arms,right_shoulder_pan,1978,37,0,22,1974,1971
6.0,2026-08-03T21:06:50.065885+00:00,arms,right_shoulder_lift,2098,38,9,112,2049,2295
6.0,2026-08-03T21:06:50.065885+00:00,arms,right_elbow_flex,2128,39,3,76,2097,2061
6.0,2026-08-03T21:06:50.065885+00:00,arms,right_wrist_flex,1987,36,1,36,1976,1984
6.0,2026-08-03T21:06:50.065885+00:00,arms,right_wrist_roll,2109,35,1,1048,2114,2110
6.0,2026-08-03T21:06:50.065885+00:00,arms,right_gripper,2053,38,0,0,2053,2053
6.0,2026-08-03T21:06:50.065885+00:00,head,head_motor_1,2158,32,0,0,,
6.0,2026-08-03T21:06:50.065885+00:00,head,head_motor_2,1944,32,0,0,,
6.0,2026-08-03T21:06:50.065885+00:00,head,base_left_wheel,3471,33,0,0,,
6.0,2026-08-03T21:06:50.065885+00:00,head,base_back_wheel,3494,34,0,0,,
6.0,2026-08-03T21:06:50.065885+00:00,head,base_right_wheel,2182,32,0,0,,
7.0,2026-08-03T21:06:51.066762+00:00,arms,left_shoulder_pan,1856,37,0,0,1857,1856
7.0,2026-08-03T21:06:51.066762+00:00,arms,left_shoulder_lift,2405,36,3,76,2389,2405
7.0,2026-08-03T21:06:51.066762+00:00,arms,left_elbow_flex,1642,38,3,64,1629,1642
7.0,2026-08-03T21:06:51.066762+00:00,arms,left_wrist_flex,2172,34,0,24,2169,2172
7.0,2026-08-03T21:06:51.066762+00:00,arms,left_wrist_roll,1987,34,0,1044,1989,1987
7.0,2026-08-03T21:06:51.066762+00:00,arms,left_gripper,2014,38,0,0,2014,2014
7.0,2026-08-03T21:06:51.066762+00:00,arms,right_shoulder_pan,1977,37,0,20,1974,1971
7.0,2026-08-03T21:06:51.066762+00:00,arms,right_shoulder_lift,2098,38,7,112,2049,2295
7.0,2026-08-03T21:06:51.066762+00:00,arms,right_elbow_flex,2128,39,3,76,2097,2061
7.0,2026-08-03T21:06:51.066762+00:00,arms,right_wrist_flex,1987,36,0,36,1976,1984
7.0,2026-08-03T21:06:51.066762+00:00,arms,right_wrist_roll,2109,35,0,1048,2114,2110
7.0,2026-08-03T21:06:51.066762+00:00,arms,right_gripper,2053,38,0,0,2053,2053
7.0,2026-08-03T21:06:51.066762+00:00,head,head_motor_1,2158,32,0,0,,
7.0,2026-08-03T21:06:51.066762+00:00,head,head_motor_2,1944,32,0,0,,
7.0,2026-08-03T21:06:51.066762+00:00,head,base_left_wheel,3471,33,0,0,,
7.0,2026-08-03T21:06:51.066762+00:00,head,base_back_wheel,3494,34,0,0,,
7.0,2026-08-03T21:06:51.066762+00:00,head,base_right_wheel,2182,32,0,0,,
8.0,2026-08-03T21:06:52.067781+00:00,arms,left_shoulder_pan,1856,37,0,0,1857,1856
8.0,2026-08-03T21:06:52.067781+00:00,arms,left_shoulder_lift,2405,36,4,76,2389,2405
8.0,2026-08-03T21:06:52.067781+00:00,arms,left_elbow_flex,1642,38,2,64,1629,1642
8.0,2026-08-03T21:06:52.067781+00:00,arms,left_wrist_flex,2172,34,0,24,2169,2172
8.0,2026-08-03T21:06:52.067781+00:00,arms,left_wrist_roll,1987,34,0,1044,1989,1987
8.0,2026-08-03T21:06:52.067781+00:00,arms,left_gripper,2014,38,0,0,2014,2014
8.0,2026-08-03T21:06:52.067781+00:00,arms,right_shoulder_pan,1974,37,0,0,1974,1971
8.0,2026-08-03T21:06:52.067781+00:00,arms,right_shoulder_lift,2098,38,7,112,2049,2295
8.0,2026-08-03T21:06:52.067781+00:00,arms,right_elbow_flex,2128,39,3,76,2097,2061
8.0,2026-08-03T21:06:52.067781+00:00,arms,right_wrist_flex,1987,36,0,36,1976,1984
8.0,2026-08-03T21:06:52.067781+00:00,arms,right_wrist_roll,2109,34,1,1048,2114,2110
8.0,2026-08-03T21:06:52.067781+00:00,arms,right_gripper,2053,38,0,0,2053,2053
8.0,2026-08-03T21:06:52.067781+00:00,head,head_motor_1,2158,32,0,0,,
8.0,2026-08-03T21:06:52.067781+00:00,head,head_motor_2,1944,32,0,0,,
8.0,2026-08-03T21:06:52.067781+00:00,head,base_left_wheel,3471,33,0,0,,
8.0,2026-08-03T21:06:52.067781+00:00,head,base_back_wheel,3494,34,0,0,,
8.0,2026-08-03T21:06:52.067781+00:00,head,base_right_wheel,2182,32,0,0,,
9.0,2026-08-03T21:06:53.068804+00:00,arms,left_shoulder_pan,1856,37,0,0,1857,1856
9.0,2026-08-03T21:06:53.068804+00:00,arms,left_shoulder_lift,2405,37,3,76,2389,2405
9.0,2026-08-03T21:06:53.068804+00:00,arms,left_elbow_flex,1642,38,2,64,1629,1642
9.0,2026-08-03T21:06:53.068804+00:00,arms,left_wrist_flex,2172,34,0,24,2169,2172
9.0,2026-08-03T21:06:53.068804+00:00,arms,left_wrist_roll,1987,34,0,1044,1989,1987
9.0,2026-08-03T21:06:53.068804+00:00,arms,left_gripper,2014,38,0,0,2014,2014
9.0,2026-08-03T21:06:53.068804+00:00,arms,right_shoulder_pan,1974,37,0,0,1974,1971
9.0,2026-08-03T21:06:53.068804+00:00,arms,right_shoulder_lift,2098,38,8,112,2049,2295
9.0,2026-08-03T21:06:53.068804+00:00,arms,right_elbow_flex,2128,39,3,76,2097,2061
9.0,2026-08-03T21:06:53.068804+00:00,arms,right_wrist_flex,1987,36,1,36,1976,1984
9.0,2026-08-03T21:06:53.068804+00:00,arms,right_wrist_roll,2109,34,1,1048,2114,2110
9.0,2026-08-03T21:06:53.068804+00:00,arms,right_gripper,2053,38,0,0,2053,2053
9.0,2026-08-03T21:06:53.068804+00:00,head,head_motor_1,2158,32,0,0,,
9.0,2026-08-03T21:06:53.068804+00:00,head,head_motor_2,1944,32,0,0,,
9.0,2026-08-03T21:06:53.068804+00:00,head,base_left_wheel,3471,33,0,0,,
9.0,2026-08-03T21:06:53.068804+00:00,head,base_back_wheel,3494,34,0,0,,
9.0,2026-08-03T21:06:53.068804+00:00,head,base_right_wheel,2182,32,0,0,,
10.0,2026-08-03T21:06:54.069825+00:00,arms,left_shoulder_pan,1856,37,0,0,1857,1856
10.0,2026-08-03T21:06:54.069825+00:00,arms,left_shoulder_lift,2405,36,3,76,2389,2405
10.0,2026-08-03T21:06:54.069825+00:00,arms,left_elbow_flex,1642,37,2,64,1629,1642
10.0,2026-08-03T21:06:54.069825+00:00,arms,left_wrist_flex,2172,35,0,24,2169,2172
10.0,2026-08-03T21:06:54.069825+00:00,arms,left_wrist_roll,1987,34,0,1044,1989,1987
10.0,2026-08-03T21:06:54.069825+00:00,arms,left_gripper,2014,37,0,0,2014,2014
10.0,2026-08-03T21:06:54.069825+00:00,arms,right_shoulder_pan,1976,37,1,18,1974,1971
10.0,2026-08-03T21:06:54.069825+00:00,arms,right_shoulder_lift,2098,38,8,112,2049,2295
10.0,2026-08-03T21:06:54.069825+00:00,arms,right_elbow_flex,2128,39,3,76,2097,2061
10.0,2026-08-03T21:06:54.069825+00:00,arms,right_wrist_flex,1987,36,1,36,1976,1984
10.0,2026-08-03T21:06:54.069825+00:00,arms,right_wrist_roll,2109,35,0,1048,2114,2110
10.0,2026-08-03T21:06:54.069825+00:00,arms,right_gripper,2053,38,0,0,2053,2053
10.0,2026-08-03T21:06:54.069825+00:00,head,head_motor_1,2158,32,0,0,,
10.0,2026-08-03T21:06:54.069825+00:00,head,head_motor_2,1944,32,0,0,,
10.0,2026-08-03T21:06:54.069825+00:00,head,base_left_wheel,3471,33,0,0,,
10.0,2026-08-03T21:06:54.069825+00:00,head,base_back_wheel,3494,34,0,0,,
10.0,2026-08-03T21:06:54.069825+00:00,head,base_right_wheel,2182,32,0,0,,
11.0,2026-08-03T21:06:55.070838+00:00,arms,left_shoulder_pan,1856,38,0,0,1857,1856
11.0,2026-08-03T21:06:55.070838+00:00,arms,left_shoulder_lift,2405,36,3,76,2389,2405
11.0,2026-08-03T21:06:55.070838+00:00,arms,left_elbow_flex,1642,38,2,64,1629,1642
11.0,2026-08-03T21:06:55.070838+00:00,arms,left_wrist_flex,2172,35,0,24,2169,2172
11.0,2026-08-03T21:06:55.070838+00:00,arms,left_wrist_roll,1987,34,0,1044,1989,1987
11.0,2026-08-03T21:06:55.070838+00:00,arms,left_gripper,2014,37,0,0,2014,2014
11.0,2026-08-03T21:06:55.070838+00:00,arms,right_shoulder_pan,1977,37,1,20,1974,1971
11.0,2026-08-03T21:06:55.070838+00:00,arms,right_shoulder_lift,2098,38,9,112,2049,2295
11.0,2026-08-03T21:06:55.070838+00:00,arms,right_elbow_flex,2128,39,3,76,2097,2061
11.0,2026-08-03T21:06:55.070838+00:00,arms,right_wrist_flex,1988,36,1,38,1976,1984
11.0,2026-08-03T21:06:55.070838+00:00,arms,right_wrist_roll,2109,35,0,1048,2114,2110
11.0,2026-08-03T21:06:55.070838+00:00,arms,right_gripper,2053,38,0,0,2053,2053
11.0,2026-08-03T21:06:55.070838+00:00,head,head_motor_1,2158,32,0,0,,
11.0,2026-08-03T21:06:55.070838+00:00,head,head_motor_2,1944,32,0,0,,
11.0,2026-08-03T21:06:55.070838+00:00,head,base_left_wheel,3471,33,0,0,,
11.0,2026-08-03T21:06:55.070838+00:00,head,base_back_wheel,3494,34,0,0,,
11.0,2026-08-03T21:06:55.070838+00:00,head,base_right_wheel,2182,32,0,0,,
12.0,2026-08-03T21:06:56.071855+00:00,arms,left_shoulder_pan,1856,37,0,0,1857,1856
12.0,2026-08-03T21:06:56.071855+00:00,arms,left_shoulder_lift,2405,36,4,76,2389,2405
12.0,2026-08-03T21:06:56.071855+00:00,arms,left_elbow_flex,1642,38,3,64,1629,1642
12.0,2026-08-03T21:06:56.071855+00:00,arms,left_wrist_flex,2172,34,0,24,2169,2172
12.0,2026-08-03T21:06:56.071855+00:00,arms,left_wrist_roll,1987,34,0,1044,1989,1987
12.0,2026-08-03T21:06:56.071855+00:00,arms,left_gripper,2014,38,0,0,2014,2014
12.0,2026-08-03T21:06:56.071855+00:00,arms,right_shoulder_pan,1975,37,0,0,1974,1971
12.0,2026-08-03T21:06:56.071855+00:00,arms,right_shoulder_lift,2098,38,8,112,2049,2295
12.0,2026-08-03T21:06:56.071855+00:00,arms,right_elbow_flex,2128,39,3,76,2097,2061
12.0,2026-08-03T21:06:56.071855+00:00,arms,right_wrist_flex,1988,36,0,38,1976,1984
12.0,2026-08-03T21:06:56.071855+00:00,arms,right_wrist_roll,2109,35,0,1048,2114,2110
12.0,2026-08-03T21:06:56.071855+00:00,arms,right_gripper,2053,38,0,0,2053,2053
12.0,2026-08-03T21:06:56.071855+00:00,head,head_motor_1,2158,32,0,0,,
12.0,2026-08-03T21:06:56.071855+00:00,head,head_motor_2,1944,32,0,0,,
12.0,2026-08-03T21:06:56.071855+00:00,head,base_left_wheel,3471,33,0,0,,
12.0,2026-08-03T21:06:56.071855+00:00,head,base_back_wheel,3494,34,0,0,,
12.0,2026-08-03T21:06:56.071855+00:00,head,base_right_wheel,2182,32,0,0,,
13.0,2026-08-03T21:06:57.072929+00:00,arms,left_shoulder_pan,1856,37,0,0,1857,1856
13.0,2026-08-03T21:06:57.072929+00:00,arms,left_shoulder_lift,2405,36,3,76,2389,2405
13.0,2026-08-03T21:06:57.072929+00:00,arms,left_elbow_flex,1642,38,2,64,1629,1642
13.0,2026-08-03T21:06:57.072929+00:00,arms,left_wrist_flex,2172,34,0,24,2169,2172
13.0,2026-08-03T21:06:57.072929+00:00,arms,left_wrist_roll,1987,34,1,1044,1989,1987
13.0,2026-08-03T21:06:57.072929+00:00,arms,left_gripper,2014,38,0,0,2014,2014
13.0,2026-08-03T21:06:57.072929+00:00,arms,right_shoulder_pan,1974,37,0,0,1974,1971
13.0,2026-08-03T21:06:57.072929+00:00,arms,right_shoulder_lift,2098,38,8,112,2049,2295
13.0,2026-08-03T21:06:57.072929+00:00,arms,right_elbow_flex,2128,39,3,76,2097,2061
13.0,2026-08-03T21:06:57.072929+00:00,arms,right_wrist_flex,1988,36,0,38,1976,1984
13.0,2026-08-03T21:06:57.072929+00:00,arms,right_wrist_roll,2109,34,1,1048,2114,2110
13.0,2026-08-03T21:06:57.072929+00:00,arms,right_gripper,2053,38,0,0,2053,2053
13.0,2026-08-03T21:06:57.072929+00:00,head,head_motor_1,2158,32,0,0,,
13.0,2026-08-03T21:06:57.072929+00:00,head,head_motor_2,1944,32,0,0,,
13.0,2026-08-03T21:06:57.072929+00:00,head,base_left_wheel,3471,33,0,0,,
13.0,2026-08-03T21:06:57.072929+00:00,head,base_back_wheel,3494,34,0,0,,
13.0,2026-08-03T21:06:57.072929+00:00,head,base_right_wheel,2182,32,0,0,,
14.0,2026-08-03T21:06:58.073953+00:00,arms,left_shoulder_pan,1856,37,0,0,1857,1856
14.0,2026-08-03T21:06:58.073953+00:00,arms,left_shoulder_lift,2405,36,3,76,2389,2405
14.0,2026-08-03T21:06:58.073953+00:00,arms,left_elbow_flex,1642,38,3,64,1629,1642
14.0,2026-08-03T21:06:58.073953+00:00,arms,left_wrist_flex,2172,35,1,24,2169,2172
14.0,2026-08-03T21:06:58.073953+00:00,arms,left_wrist_roll,1987,34,1,1044,1989,1987
14.0,2026-08-03T21:06:58.073953+00:00,arms,left_gripper,2014,38,0,0,2014,2014
14.0,2026-08-03T21:06:58.073953+00:00,arms,right_shoulder_pan,1975,37,0,0,1974,1971
14.0,2026-08-03T21:06:58.073953+00:00,arms,right_shoulder_lift,2098,38,6,112,2049,2295
14.0,2026-08-03T21:06:58.073953+00:00,arms,right_elbow_flex,2128,39,4,76,2097,2061
14.0,2026-08-03T21:06:58.073953+00:00,arms,right_wrist_flex,1988,36,1,38,1976,1984
14.0,2026-08-03T21:06:58.073953+00:00,arms,right_wrist_roll,2109,34,1,1048,2114,2110
14.0,2026-08-03T21:06:58.073953+00:00,arms,right_gripper,2053,38,0,0,2053,2053
14.0,2026-08-03T21:06:58.073953+00:00,head,head_motor_1,2158,32,0,0,,
14.0,2026-08-03T21:06:58.073953+00:00,head,head_motor_2,1944,32,0,0,,
14.0,2026-08-03T21:06:58.073953+00:00,head,base_left_wheel,3471,33,0,0,,
14.0,2026-08-03T21:06:58.073953+00:00,head,base_back_wheel,3494,45,0,0,,
14.0,2026-08-03T21:06:58.073953+00:00,head,base_right_wheel,2182,32,0,0,,
15.0,2026-08-03T21:06:59.074783+00:00,arms,left_shoulder_pan,1856,37,0,0,1857,1856
15.0,2026-08-03T21:06:59.074783+00:00,arms,left_shoulder_lift,2405,36,3,76,2389,2405
15.0,2026-08-03T21:06:59.074783+00:00,arms,left_elbow_flex,1642,38,2,64,1629,1642
15.0,2026-08-03T21:06:59.074783+00:00,arms,left_wrist_flex,2172,34,0,24,2169,2172
15.0,2026-08-03T21:06:59.074783+00:00,arms,left_wrist_roll,1987,34,1,1044,1989,1987
15.0,2026-08-03T21:06:59.074783+00:00,arms,left_gripper,2014,37,0,0,2014,2014
15.0,2026-08-03T21:06:59.074783+00:00,arms,right_shoulder_pan,1977,37,0,20,1974,1971
15.0,2026-08-03T21:06:59.074783+00:00,arms,right_shoulder_lift,2098,38,9,112,2049,2295
15.0,2026-08-03T21:06:59.074783+00:00,arms,right_elbow_flex,2128,39,3,76,2097,2061
15.0,2026-08-03T21:06:59.074783+00:00,arms,right_wrist_flex,1988,36,1,38,1976,1984
15.0,2026-08-03T21:06:59.074783+00:00,arms,right_wrist_roll,2109,34,0,1048,2114,2110
15.0,2026-08-03T21:06:59.074783+00:00,arms,right_gripper,2053,38,0,0,2053,2053
15.0,2026-08-03T21:06:59.074783+00:00,head,head_motor_1,2158,31,0,0,,
15.0,2026-08-03T21:06:59.074783+00:00,head,head_motor_2,1944,32,0,0,,
15.0,2026-08-03T21:06:59.074783+00:00,head,base_left_wheel,3471,33,0,0,,
15.0,2026-08-03T21:06:59.074783+00:00,head,base_back_wheel,3494,34,0,0,,
15.0,2026-08-03T21:06:59.074783+00:00,head,base_right_wheel,2182,32,0,0,,
16.0,2026-08-03T21:07:00.075810+00:00,arms,left_shoulder_pan,1856,37,0,0,1857,1856
16.0,2026-08-03T21:07:00.075810+00:00,arms,left_shoulder_lift,2405,36,3,76,2389,2405
16.0,2026-08-03T21:07:00.075810+00:00,arms,left_elbow_flex,1642,38,2,64,1629,1642
16.0,2026-08-03T21:07:00.075810+00:00,arms,left_wrist_flex,2172,35,0,24,2169,2172
16.0,2026-08-03T21:07:00.075810+00:00,arms,left_wrist_roll,1987,34,0,1044,1989,1987
16.0,2026-08-03T21:07:00.075810+00:00,arms,left_gripper,2014,37,0,0,2014,2014
16.0,2026-08-03T21:07:00.075810+00:00,arms,right_shoulder_pan,1976,37,0,18,1974,1971
16.0,2026-08-03T21:07:00.075810+00:00,arms,right_shoulder_lift,2098,38,8,112,2049,2295
16.0,2026-08-03T21:07:00.075810+00:00,arms,right_elbow_flex,2128,39,3,76,2097,2061
16.0,2026-08-03T21:07:00.075810+00:00,arms,right_wrist_flex,1988,35,0,38,1976,1984
16.0,2026-08-03T21:07:00.075810+00:00,arms,right_wrist_roll,2109,35,0,1048,2114,2110
16.0,2026-08-03T21:07:00.075810+00:00,arms,right_gripper,2053,38,0,0,2053,2053
16.0,2026-08-03T21:07:00.075810+00:00,head,head_motor_1,2158,32,0,0,,
16.0,2026-08-03T21:07:00.075810+00:00,head,head_motor_2,1944,32,0,0,,
16.0,2026-08-03T21:07:00.075810+00:00,head,base_left_wheel,3471,33,0,0,,
16.0,2026-08-03T21:07:00.075810+00:00,head,base_back_wheel,3494,34,0,0,,
16.0,2026-08-03T21:07:00.075810+00:00,head,base_right_wheel,2182,32,0,0,,
