elapsed_s,leg,sign,phase,timestamp,cmd_vx,odom_vx,odom_vy,odom_omega,act_base_left_wheel,act_base_back_wheel,act_base_right_wheel,pos_right_gripper,pos_right_shoulder_lift,pos_right_shoulder_pan,pos_right_elbow_flex,load_right_gripper,load_right_shoulder_lift,load_right_shoulder_pan,load_right_elbow_flex,grip_dev
0.006,0,1,ramp_up,2026-08-05T06:16:10.697905+00:00,0.0,0.0,0.0,0.0,0,0,0,2407,2099,1967,2130,56,114,1052,80,0
0.055,0,1,ramp_up,2026-08-05T06:16:10.747024+00:00,0.0125,0.0,0.0,0.0,0,0,0,2407,2099,1967,2130,56,114,1052,80,0
0.106,0,1,ramp_up,2026-08-05T06:16:10.797849+00:00,0.025,0.0,0.0,0.0,0,0,0,2407,2099,1967,2130,56,114,1052,80,0
0.154,0,1,ramp_up,2026-08-05T06:16:10.846721+00:00,0.0376,0.0,0.0,0.0,0,0,0,2407,2099,1967,2130,56,114,1052,80,0
0.207,0,1,ramp_up,2026-08-05T06:16:10.899013+00:00,0.0501,0.0089,0.0026,1.17,-50,0,150,2407,2099,1967,2130,56,114,1052,80,0
0.255,0,1,ramp_up,2026-08-05T06:16:10.947356+00:00,0.0626,0.0221,0.0026,1.17,-200,0,300,2407,2099,1966,2130,56,114,1054,80,0
0.306,0,1,ramp_up,2026-08-05T06:16:10.998008+00:00,0.0751,0.0266,0.0026,1.17,-250,0,350,2407,2099,1966,2130,56,114,1054,80,0
0.355,0,1,ramp_up,2026-08-05T06:16:11.047155+00:00,0.0876,0.0376,0.0013,0.59,-400,0,450,2407,2099,1966,2130,56,114,1054,80,0
0.405,0,1,ramp_up,2026-08-05T06:16:11.097612+00:00,0.1002,0.0487,0.0,0.0,-550,0,550,2407,2099,1966,2130,56,114,1054,80,0
0.455,0,1,ramp_up,2026-08-05T06:16:11.147441+00:00,0.1127,0.0554,-0.0013,-0.59,-650,0,600,2407,2099,1966,2130,56,114,1054,80,0
0.506,0,1,ramp_up,2026-08-05T06:16:11.198611+00:00,0.1252,0.0686,0.0013,0.59,-750,0,800,2407,2099,1966,2130,56,114,1054,80,0
0.556,0,1,ramp_up,2026-08-05T06:16:11.247758+00:00,0.1377,0.0775,-0.0013,-0.59,-900,0,850,2407,2099,1966,2130,56,114,1054,80,0
0.606,0,1,ramp_up,2026-08-05T06:16:11.297839+00:00,0.1502,0.0819,0.0013,0.59,-900,0,950,2407,2099,1966,2131,56,114,1054,86,0
0.656,0,1,ramp_up,2026-08-05T06:16:11.347818+00:00,0.1628,0.093,0.0,0.0,-1050,0,1050,2407,2099,1966,2131,56,114,1054,82,0
0.706,0,1,ramp_up,2026-08-05T06:16:11.397973+00:00,0.1753,0.0996,0.0038,0.0,-1100,-50,1150,2407,2099,1966,2131,56,114,1054,82,0
0.756,0,1,ramp_up,2026-08-05T06:16:11.447971+00:00,0.1878,0.1129,-0.0013,-0.59,-1300,0,1250,2407,2099,1966,2131,56,114,1054,82,0
0.806,0,1,ramp_up,2026-08-05T06:16:11.498011+00:00,0.2003,0.1173,0.0013,0.59,-1300,0,1350,2407,2099,1966,2131,56,114,1054,82,0
0.856,0,1,ramp_up,2026-08-05T06:16:11.548093+00:00,0.2128,0.1284,-0.0026,0.59,-1450,50,1450,2407,2099,1967,2131,56,114,1052,82,0
0.906,0,1,ramp_up,2026-08-05T06:16:11.598126+00:00,0.2254,0.1351,0.0038,0.0,-1500,-50,1550,2407,2099,1967,2131,56,114,1052,82,0
0.957,0,1,ramp_up,2026-08-05T06:16:11.649412+00:00,0.2379,0.1439,0.0013,0.59,-1600,0,1650,2407,2099,1967,2131,56,114,1052,82,0
1.006,0,1,ramp_up,2026-08-05T06:16:11.698394+00:00,0.2504,0.1572,0.0013,0.59,-1750,0,1800,2407,2099,1966,2131,56,114,1058,82,0
1.056,0,1,ramp_up,2026-08-05T06:16:11.748380+00:00,0.2629,0.1661,0.0013,0.59,-1850,0,1900,2407,2099,1965,2131,56,114,1056,82,0
1.107,0,1,ramp_up,2026-08-05T06:16:11.799376+00:00,0.2754,0.1705,-0.0013,-2.34,-2000,-50,1850,2407,2099,1965,2131,56,114,1056,82,0
1.156,0,1,ramp_up,2026-08-05T06:16:11.848430+00:00,0.288,0.1793,-0.0064,-1.17,-2100,50,1950,2407,2099,1966,2131,56,114,1050,82,0
1.207,0,1,dwell,2026-08-05T06:16:11.899287+00:00,0.3,0.186,0.0,0.0,-2100,0,2100,2407,2099,1967,2131,56,114,1048,82,0
1.257,0,1,dwell,2026-08-05T06:16:11.948824+00:00,0.3,0.1838,-0.0013,-0.59,-2100,0,2050,2407,2099,1970,2131,56,114,1042,82,0
1.308,0,1,dwell,2026-08-05T06:16:12.000724+00:00,0.3,0.1793,-0.0013,-0.59,-2050,0,2000,2407,2099,1973,2131,56,114,20,82,0
1.358,0,1,dwell,2026-08-05T06:16:12.049779+00:00,0.3,0.186,0.0051,0.59,-2050,-50,2150,2407,2099,1974,2131,56,114,0,82,0
1.407,0,1,dwell,2026-08-05T06:16:12.099026+00:00,0.3,0.1838,0.0013,0.59,-2050,0,2100,2407,2099,1972,2131,56,114,1046,82,0
1.457,0,1,dwell,2026-08-05T06:16:12.148920+00:00,0.3,0.1882,0.0038,1.76,-2050,0,2200,2407,2099,1971,2131,56,114,1048,82,0
1.507,0,1,dwell,2026-08-05T06:16:12.199094+00:00,0.3,0.186,0.0,0.0,-2100,0,2100,2407,2099,1970,2131,56,114,1046,82,0
1.557,0,1,dwell,2026-08-05T06:16:12.249032+00:00,0.3,0.1926,0.0013,0.59,-2150,0,2200,2407,2099,1970,2131,56,114,1046,82,0
1.607,0,1,ramp_down,2026-08-05T06:16:12.299002+00:00,0.2994,0.1882,0.0038,1.76,-2050,0,2200,2407,2099,1970,2131,56,114,1046,82,0
1.657,0,1,ramp_down,2026-08-05T06:16:12.349067+00:00,0.2869,0.1838,0.0013,0.59,-2050,0,2100,2407,2099,1970,2131,56,114,1046,82,0
1.707,0,1,ramp_down,2026-08-05T06:16:12.399498+00:00,0.2743,0.1882,0.0038,1.76,-2050,0,2200,2407,2099,1970,2131,56,114,1046,82,0
1.757,0,1,ramp_down,2026-08-05T06:16:12.449222+00:00,0.2618,0.1838,0.0013,0.59,-2050,0,2100,2407,2099,1971,2131,56,114,1044,82,0
1.807,0,1,ramp_down,2026-08-05T06:16:12.499619+00:00,0.2493,0.1838,-0.0038,-1.76,-2150,0,2000,2407,2096,1969,2132,56,110,1056,84,0
1.858,0,1,ramp_down,2026-08-05T06:16:12.549994+00:00,0.2368,0.1816,0.0,0.0,-2050,0,2050,2407,2098,1973,2131,56,116,18,78,0
1.908,0,1,ramp_down,2026-08-05T06:16:12.600336+00:00,0.2243,0.186,0.0051,2.34,-2000,0,2200,2407,2103,1964,2134,56,130,1070,92,0
1.958,0,1,ramp_down,2026-08-05T06:16:12.649779+00:00,0.2117,0.186,0.0051,2.34,-2000,0,2200,2407,2110,1962,2134,56,148,1066,88,0
2.008,0,1,ramp_down,2026-08-05T06:16:12.699881+00:00,0.1992,0.1971,0.0115,5.27,-2000,0,2450,2407,2112,1962,2134,56,148,1062,88,0
2.057,0,1,ramp_down,2026-08-05T06:16:12.749722+00:00,0.1867,0.1771,0.0026,1.17,-1950,0,2050,2407,2112,1964,2133,56,140,1058,86,0
2.108,0,1,ramp_down,2026-08-05T06:16:12.799791+00:00,0.1742,0.1838,0.0089,4.1,-1900,0,2250,2407,2112,1964,2133,56,140,1058,86,0
2.158,0,1,ramp_down,2026-08-05T06:16:12.850030+00:00,0.1617,0.1816,0.0026,1.17,-2000,0,2100,2407,2113,1964,2133,56,146,1058,86,0
2.208,0,1,ramp_down,2026-08-05T06:16:12.900347+00:00,0.1491,0.1816,0.0,0.0,-2050,0,2050,2407,2114,1964,2133,56,144,1058,86,0
2.258,0,1,ramp_down,2026-08-05T06:16:12.950189+00:00,0.1366,0.1838,0.0064,2.93,-1950,0,2200,2407,2114,1965,2133,56,144,1056,86,0
2.308,0,1,ramp_down,2026-08-05T06:16:13.000328+00:00,0.1241,0.1816,0.0077,3.52,-1900,0,2200,2407,2113,1965,2133,56,142,1056,86,0
2.358,0,1,ramp_down,2026-08-05T06:16:13.050450+00:00,0.1116,0.1816,0.0051,2.34,-1950,0,2150,2407,2114,1963,2133,56,144,1064,86,0
2.409,0,1,ramp_down,2026-08-05T06:16:13.101180+00:00,0.099,0.1638,0.0,0.0,-1850,0,1850,2407,2114,1963,2133,56,144,1060,86,0
2.46,0,1,ramp_down,2026-08-05T06:16:13.151838+00:00,0.0864,0.1572,-0.0013,-0.59,-1800,0,1750,2407,2114,1963,2133,56,144,1060,86,0
2.509,0,1,ramp_down,2026-08-05T06:16:13.201426+00:00,0.0739,0.1616,-0.0013,-0.59,-1850,0,1800,2407,2114,1964,2133,56,144,1054,86,0
2.559,0,1,ramp_down,2026-08-05T06:16:13.250916+00:00,0.0614,0.1483,-0.0038,-1.76,-1750,0,1600,2407,2114,1964,2133,56,144,1058,86,0
2.61,0,1,ramp_down,2026-08-05T06:16:13.302135+00:00,0.0489,0.1351,0.0013,0.59,-1500,0,1550,2407,2114,1964,2133,56,144,1058,86,0
2.659,0,1,ramp_down,2026-08-05T06:16:13.351292+00:00,0.0364,0.124,0.0,0.0,-1400,0,1400,2407,2114,1964,2133,56,144,1058,86,0
2.709,0,1,ramp_down,2026-08-05T06:16:13.401421+00:00,0.0239,0.1262,0.0013,0.59,-1400,0,1450,2407,2114,1964,2133,56,144,1058,86,0
2.759,0,1,ramp_down,2026-08-05T06:16:13.451145+00:00,0.0113,0.1107,0.0026,1.17,-1200,0,1300,2407,2114,1964,2133,56,144,1058,86,0
4.319,1,-1,ramp_up,2026-08-05T06:16:15.011243+00:00,-0.0,0.0,0.0,0.0,0,0,0,2407,2114,1964,2133,56,144,1058,86,0
4.372,1,-1,ramp_up,2026-08-05T06:16:15.064361+00:00,-0.0125,0.0,0.0,0.0,0,0,0,2407,2114,1964,2133,56,144,1058,86,0
4.425,1,-1,ramp_up,2026-08-05T06:16:15.117350+00:00,-0.0251,0.0022,0.0013,0.59,0,0,50,2407,2114,1964,2133,56,144,1058,86,0
4.477,1,-1,ramp_up,2026-08-05T06:16:15.168778+00:00,-0.0376,0.0,0.0,0.0,0,0,0,2407,2114,1964,2133,56,144,1058,86,0
4.52,1,-1,ramp_up,2026-08-05T06:16:15.212212+00:00,-0.0501,-0.0022,0.0013,0.59,50,0,0,2407,2114,1964,2133,56,144,1058,86,0
4.572,1,-1,ramp_up,2026-08-05T06:16:15.264597+00:00,-0.0626,-0.0177,-0.0026,-1.17,150,0,-250,2407,2114,1964,2133,56,144,1058,86,0
4.619,1,-1,ramp_up,2026-08-05T06:16:15.310794+00:00,-0.0751,-0.0221,-0.0051,-2.34,150,0,-350,2407,2114,1964,2133,56,144,1058,86,0
4.669,1,-1,ramp_up,2026-08-05T06:16:15.361094+00:00,-0.0877,-0.0354,-0.0,-1.76,350,-50,-450,2407,2114,1965,2133,56,144,1056,86,0
4.719,1,-1,ramp_up,2026-08-05T06:16:15.411699+00:00,-0.1003,-0.0487,0.0026,1.17,600,0,-500,2407,2114,1968,2133,56,144,1044,86,0
4.77,1,-1,ramp_up,2026-08-05T06:16:15.462503+00:00,-0.1129,-0.0576,-0.0,0.0,650,0,-650,2407,2114,1972,2133,56,144,18,86,0
4.821,1,-1,ramp_up,2026-08-05T06:16:15.512927+00:00,-0.1255,-0.0709,0.0026,-0.59,800,-50,-800,2407,2114,1974,2133,56,144,0,86,0
4.872,1,-1,ramp_up,2026-08-05T06:16:15.563869+00:00,-0.1381,-0.0797,0.0026,-0.59,900,-50,-900,2407,2114,1974,2133,56,144,0,86,0
4.922,1,-1,ramp_up,2026-08-05T06:16:15.614024+00:00,-0.1508,-0.0886,-0.0026,0.59,1000,50,-1000,2407,2114,1974,2133,56,144,0,86,0
4.978,1,-1,ramp_up,2026-08-05T06:16:15.670335+00:00,-0.1634,-0.093,-0.0,0.0,1050,0,-1050,2407,2114,1972,2133,56,144,1042,86,0
5.022,1,-1,ramp_up,2026-08-05T06:16:15.714000+00:00,-0.1759,-0.0996,-0.0038,-0.0,1100,50,-1150,2407,2114,1972,2133,56,144,1042,86,0
5.075,1,-1,ramp_up,2026-08-05T06:16:15.767098+00:00,-0.1884,-0.1085,0.0038,0.0,1250,-50,-1200,2407,2114,1972,2133,56,144,1042,86,0
5.122,1,-1,ramp_up,2026-08-05T06:16:15.814372+00:00,-0.2009,-0.1151,-0.0,0.0,1300,0,-1300,2407,2114,1972,2133,56,144,1042,86,0
5.172,1,-1,ramp_up,2026-08-05T06:16:15.864353+00:00,-0.2135,-0.1284,-0.0,0.0,1450,0,-1450,2407,2114,1972,2133,56,144,1042,86,0
5.222,1,-1,ramp_up,2026-08-05T06:16:15.914478+00:00,-0.226,-0.1395,0.0013,0.59,1600,0,-1550,2407,2114,1972,2133,56,144,1042,86,0
5.272,1,-1,ramp_up,2026-08-05T06:16:15.964235+00:00,-0.2385,-0.1395,0.0013,0.59,1600,0,-1550,2407,2114,1972,2133,56,144,1042,86,0
5.323,1,-1,ramp_up,2026-08-05T06:16:16.015157+00:00,-0.2511,-0.1461,-0.0026,0.59,1650,50,-1650,2407,2114,1972,2133,56,144,1042,86,0
5.377,1,-1,ramp_up,2026-08-05T06:16:16.069341+00:00,-0.2637,-0.1683,0.0026,-0.59,1900,-50,-1900,2407,2114,1972,2133,56,144,1042,86,0
5.423,1,-1,ramp_up,2026-08-05T06:16:16.115235+00:00,-0.2762,-0.1771,-0.0026,-1.17,1950,0,-2050,2407,2114,1973,2133,56,144,0,86,0
5.473,1,-1,ramp_up,2026-08-05T06:16:16.165123+00:00,-0.2887,-0.1816,-0.0,0.0,2050,0,-2050,2407,2114,1973,2133,56,144,0,86,0
5.523,1,-1,dwell,2026-08-05T06:16:16.215320+00:00,-0.3,-0.1816,-0.0026,0.59,2050,50,-2050,2407,2114,1972,2133,56,144,1042,86,0
5.573,1,-1,dwell,2026-08-05T06:16:16.265620+00:00,-0.3,-0.1882,-0.0064,2.34,2150,150,-2100,2407,2114,1971,2133,56,144,1044,86,0
5.623,1,-1,dwell,2026-08-05T06:16:16.315339+00:00,-0.3,-0.1882,-0.0038,1.76,2150,100,-2100,2407,2114,1969,2133,56,144,1048,86,0
5.673,1,-1,dwell,2026-08-05T06:16:16.365334+00:00,-0.3,-0.186,-0.0,0.0,2100,0,-2100,2407,2114,1968,2133,56,144,1054,86,0
5.724,1,-1,dwell,2026-08-05T06:16:16.415859+00:00,-0.3,-0.1816,-0.0026,-1.17,2000,0,-2100,2407,2114,1967,2133,56,144,1052,86,0
5.773,1,-1,dwell,2026-08-05T06:16:16.465589+00:00,-0.3,-0.1882,-0.0013,-0.59,2100,0,-2150,2407,2114,1966,2133,56,144,1054,86,0
5.824,1,-1,dwell,2026-08-05T06:16:16.516499+00:00,-0.3,-0.1816,-0.0051,-0.59,2000,50,-2100,2407,2114,1967,2133,56,144,1052,86,0
5.875,1,-1,dwell,2026-08-05T06:16:16.567063+00:00,-0.3,-0.1882,-0.0013,-0.59,2100,0,-2150,2407,2114,1969,2133,56,144,1044,86,0
5.925,1,-1,ramp_down,2026-08-05T06:16:16.617486+00:00,-0.2983,-0.186,-0.0,0.0,2100,0,-2100,2407,2114,1969,2133,56,144,1048,86,0
5.976,1,-1,ramp_down,2026-08-05T06:16:16.667860+00:00,-0.2857,-0.1793,-0.0038,0.0,2000,50,-2050,2407,2114,1969,2133,56,144,1048,86,0
6.03,1,-1,ramp_down,2026-08-05T06:16:16.721878+00:00,-0.273,-0.186,0.0026,-0.59,2100,-50,-2100,2407,2114,1969,2133,56,144,1048,86,0
6.076,1,-1,ramp_down,2026-08-05T06:16:16.768458+00:00,-0.2605,-0.1904,-0.0051,-0.59,2100,50,-2200,2407,2114,1969,2133,56,144,1048,86,0
6.126,1,-1,ramp_down,2026-08-05T06:16:16.818328+00:00,-0.248,-0.186,-0.0026,-1.17,2050,0,-2150,2407,2114,1968,2133,56,144,1050,86,0
6.176,1,-1,ramp_down,2026-08-05T06:16:16.868400+00:00,-0.2355,-0.1816,-0.0026,-1.17,2000,0,-2100,2407,2114,1967,2133,56,144,1056,86,0
6.226,1,-1,ramp_down,2026-08-05T06:16:16.917872+00:00,-0.223,-0.1882,0.0013,0.59,2150,0,-2100,2407,2114,1967,2133,56,144,1052,86,0
6.277,1,-1,ramp_down,2026-08-05T06:16:16.969359+00:00,-0.2103,-0.1882,-0.0013,-0.59,2100,0,-2150,2407,2114,1966,2133,56,144,1054,86,0
6.327,1,-1,ramp_down,2026-08-05T06:16:17.019635+00:00,-0.1977,-0.186,-0.0,-1.76,2050,-50,-2150,2407,2114,1967,2133,56,144,1052,86,0
6.383,1,-1,ramp_down,2026-08-05T06:16:17.075033+00:00,-0.1852,-0.1838,-0.0038,-1.76,2000,0,-2150,2407,2114,1968,2133,56,144,1050,86,0
6.428,1,-1,ramp_down,2026-08-05T06:16:17.120038+00:00,-0.1727,-0.1816,-0.0,0.0,2050,0,-2050,2407,2114,1969,2133,56,144,1044,86,0
6.478,1,-1,ramp_down,2026-08-05T06:16:17.170049+00:00,-0.1601,-0.1816,-0.0026,-1.17,2000,0,-2100,2407,2114,1969,2133,56,144,1048,86,0
6.534,1,-1,ramp_down,2026-08-05T06:16:17.226176+00:00,-0.1476,-0.1793,0.0013,0.59,2050,0,-2000,2407,2114,1970,2133,56,144,1046,86,0
6.578,1,-1,ramp_down,2026-08-05T06:16:17.270145+00:00,-0.1351,-0.1816,-0.0,0.0,2050,0,-2050,2407,2114,1969,2133,56,144,1048,86,0
6.628,1,-1,ramp_down,2026-08-05T06:16:17.320393+00:00,-0.1226,-0.1838,0.0013,0.59,2100,0,-2050,2407,2114,1967,2133,56,144,1056,86,0
6.678,1,-1,ramp_down,2026-08-05T06:16:17.370275+00:00,-0.1101,-0.1793,-0.0013,-0.59,2000,0,-2050,2407,2114,1966,2133,56,144,1054,86,0
6.729,1,-1,ramp_down,2026-08-05T06:16:17.421184+00:00,-0.0974,-0.1727,-0.0051,-0.59,1900,50,-2000,2407,2114,1966,2133,56,144,1054,86,0
6.779,1,-1,ramp_down,2026-08-05T06:16:17.471365+00:00,-0.0848,-0.1594,-0.0,0.0,1800,0,-1800,2407,2114,1966,2133,56,144,1054,86,0
6.83,1,-1,ramp_down,2026-08-05T06:16:17.522510+00:00,-0.0722,-0.1506,-0.0,0.0,1700,0,-1700,2407,2114,1967,2133,56,144,1052,86,0
6.88,1,-1,ramp_down,2026-08-05T06:16:17.572565+00:00,-0.0596,-0.1417,0.0026,1.17,1650,0,-1550,2407,2114,1967,2133,56,144,1052,86,0
6.931,1,-1,ramp_down,2026-08-05T06:16:17.623145+00:00,-0.0469,-0.1395,0.0013,0.59,1600,0,-1550,2407,2114,1966,2133,56,144,1058,86,0
6.982,1,-1,ramp_down,2026-08-05T06:16:17.674154+00:00,-0.0343,-0.124,0.0026,1.17,1450,0,-1350,2407,2114,1966,2133,56,144,1054,86,0
7.037,1,-1,ramp_down,2026-08-05T06:16:17.729154+00:00,-0.0217,-0.1151,-0.0,0.0,1300,0,-1300,2407,2114,1966,2133,56,144,1054,86,0
7.082,1,-1,ramp_down,2026-08-05T06:16:17.774040+00:00,-0.0092,-0.1107,-0.0,0.0,1250,0,-1250,2407,2114,1966,2133,56,144,1054,86,0
8.65,2,1,ramp_up,2026-08-05T06:16:19.341805+00:00,0.0,0.0022,-0.0013,-0.59,-50,0,0,2407,2114,1966,2133,56,144,1054,86,0
8.701,2,1,ramp_up,2026-08-05T06:16:19.393243+00:00,0.0126,0.0022,-0.0013,-0.59,-50,0,0,2407,2114,1967,2133,56,144,1048,86,0
8.749,2,1,ramp_up,2026-08-05T06:16:19.441358+00:00,0.0253,0.0044,0.0,0.0,-50,0,50,2407,2114,1967,2133,56,144,1052,86,0
8.799,2,1,ramp_up,2026-08-05T06:16:19.491281+00:00,0.0379,0.0,0.0,0.0,0,0,0,2407,2114,1967,2133,56,144,1052,86,0
8.849,2,1,ramp_up,2026-08-05T06:16:19.541450+00:00,0.0505,0.0044,0.0,0.0,-50,0,50,2407,2114,1967,2133,56,144,1052,86,0
8.901,2,1,ramp_up,2026-08-05T06:16:19.593046+00:00,0.0631,0.0044,0.0,0.0,-50,0,50,2407,2114,1967,2133,56,144,1052,86,0
8.95,2,1,ramp_up,2026-08-05T06:16:19.642542+00:00,0.0758,0.0288,0.0013,0.59,-300,0,350,2407,2114,1967,2133,56,144,1052,86,0
9.001,2,1,ramp_up,2026-08-05T06:16:19.692984+00:00,0.0884,0.0421,0.0013,0.59,-450,0,500,2407,2114,1966,2133,56,144,1054,86,0
9.051,2,1,ramp_up,2026-08-05T06:16:19.743403+00:00,0.101,0.0487,0.0,0.0,-550,0,550,2407,2114,1965,2133,56,144,1056,86,0
9.103,2,1,ramp_up,2026-08-05T06:16:19.795711+00:00,0.1135,0.0598,0.0013,0.59,-650,0,700,2407,2114,1966,2133,56,144,1054,86,0
9.151,2,1,ramp_up,2026-08-05T06:16:19.843367+00:00,0.126,0.0686,-0.0013,-0.59,-800,0,750,2407,2114,1966,2133,56,144,1054,86,0
9.202,2,1,ramp_up,2026-08-05T06:16:19.893831+00:00,0.1386,0.0753,0.0,0.0,-850,0,850,2407,2114,1967,2133,56,144,1052,86,0
9.252,2,1,ramp_up,2026-08-05T06:16:19.944232+00:00,0.1511,0.0797,0.0,0.0,-900,0,900,2407,2114,1967,2133,56,144,1052,86,0
9.303,2,1,ramp_up,2026-08-05T06:16:19.995176+00:00,0.1637,0.0908,0.0013,0.59,-1000,0,1050,2407,2114,1967,2133,56,144,1052,86,0
9.352,2,1,ramp_up,2026-08-05T06:16:20.043780+00:00,0.1762,0.1041,-0.0013,-0.59,-1200,0,1150,2407,2114,1966,2133,56,144,1054,86,0
9.403,2,1,ramp_up,2026-08-05T06:16:20.095032+00:00,0.1889,0.1107,0.0,0.0,-1250,0,1250,2407,2114,1966,2133,56,144,1054,86,0
9.457,2,1,ramp_up,2026-08-05T06:16:20.149668+00:00,0.2014,0.1196,0.0,0.0,-1350,0,1350,2407,2114,1966,2133,56,144,1054,86,0
9.502,2,1,ramp_up,2026-08-05T06:16:20.194506+00:00,0.2139,0.1262,0.0013,0.59,-1400,0,1450,2407,2114,1966,2133,56,144,1054,86,0
9.555,2,1,ramp_up,2026-08-05T06:16:20.247142+00:00,0.2264,0.1439,0.0013,0.59,-1600,0,1650,2407,2114,1966,2133,56,144,1054,86,0
9.604,2,1,ramp_up,2026-08-05T06:16:20.295827+00:00,0.2389,0.1483,0.0038,1.76,-1600,0,1750,2407,2114,1966,2133,56,144,1054,86,0
9.653,2,1,ramp_up,2026-08-05T06:16:20.344759+00:00,0.2515,0.1439,-0.0013,-0.59,-1650,0,1600,2407,2114,1966,2133,56,144,1054,86,0
9.704,2,1,ramp_up,2026-08-05T06:16:20.395961+00:00,0.2641,0.1638,0.0,0.0,-1850,0,1850,2407,2114,1966,2133,56,144,1054,86,0
9.754,2,1,ramp_up,2026-08-05T06:16:20.446190+00:00,0.2767,0.1749,0.0038,1.76,-1900,0,2050,2407,2114,1966,2133,56,144,1054,86,0
9.805,2,1,ramp_up,2026-08-05T06:16:20.496822+00:00,0.2893,0.1771,-0.0026,-1.17,-2050,0,1950,2407,2114,1966,2133,56,144,1054,86,0
9.855,2,1,dwell,2026-08-05T06:16:20.547179+00:00,0.3,0.1838,-0.0013,-0.59,-2100,0,2050,2407,2114,1966,2133,56,144,1054,86,0
9.906,2,1,dwell,2026-08-05T06:16:20.597794+00:00,0.3,0.186,0.0026,-0.59,-2100,-50,2100,2407,2114,1967,2133,56,144,1052,86,0
9.956,2,1,dwell,2026-08-05T06:16:20.648208+00:00,0.3,0.186,0.0,1.76,-2050,50,2150,2407,2114,1969,2133,56,144,1044,86,0
10.006,2,1,dwell,2026-08-05T06:16:20.698334+00:00,0.3,0.186,0.0051,0.59,-2050,-50,2150,2407,2114,1971,2133,56,144,0,86,0
10.057,2,1,dwell,2026-08-05T06:16:20.749087+00:00,0.3,0.186,0.0077,0.0,-2050,-100,2150,2407,2114,1970,2133,56,144,1050,86,0
10.112,2,1,dwell,2026-08-05T06:16:20.803826+00:00,0.3,0.1904,0.0077,1.76,-2050,-50,2250,2407,2114,1970,2133,56,144,1048,86,0
10.157,2,1,dwell,2026-08-05T06:16:20.849301+00:00,0.3,0.186,-0.0026,2.34,-2050,100,2150,2407,2114,1969,2133,56,144,1048,86,0
10.207,2,1,dwell,2026-08-05T06:16:20.899476+00:00,0.3,0.186,0.0,0.0,-2100,0,2100,2407,2114,1969,2133,56,144,1048,86,0
10.257,2,1,ramp_down,2026-08-05T06:16:20.949171+00:00,0.2974,0.1838,-0.0013,-0.59,-2100,0,2050,2407,2114,1970,2133,56,144,1046,86,0
10.308,2,1,ramp_down,2026-08-05T06:16:21.000315+00:00,0.2848,0.1838,0.0038,0.0,-2050,-50,2100,2407,2114,1970,2133,56,144,1046,86,0
10.357,2,1,ramp_down,2026-08-05T06:16:21.049741+00:00,0.2722,0.1882,0.0038,1.76,-2050,0,2200,2407,2114,1973,2134,56,144,24,92,0
10.41,2,1,ramp_down,2026-08-05T06:16:21.101953+00:00,0.2596,0.1816,0.0026,1.17,-2000,0,2100,2407,2113,1978,2133,56,138,26,82,0
10.459,2,1,ramp_down,2026-08-05T06:16:21.151602+00:00,0.247,0.186,0.0256,-2.34,-2000,-400,2200,2407,2113,1977,2133,56,142,20,86,0
10.511,2,1,ramp_down,2026-08-05T06:16:21.203175+00:00,0.2344,0.1816,0.0,1.76,-2000,50,2100,2407,2113,1975,2133,56,142,1044,86,0
10.56,2,1,ramp_down,2026-08-05T06:16:21.251944+00:00,0.2219,0.1838,-0.0089,4.69,-2000,250,2150,2407,2114,1973,2134,56,144,0,88,0
10.61,2,1,ramp_down,2026-08-05T06:16:21.302299+00:00,0.2094,0.1816,0.0051,2.34,-1950,0,2150,2407,2115,1969,2134,56,146,1056,88,0
10.659,2,1,ramp_down,2026-08-05T06:16:21.351595+00:00,0.1969,0.1838,0.0038,1.76,-2000,0,2150,2407,2114,1966,2134,56,144,1064,88,0
10.709,2,1,ramp_down,2026-08-05T06:16:21.401583+00:00,0.1844,0.1838,0.0038,1.76,-2000,0,2150,2407,2113,1965,2133,56,142,1056,86,0
10.759,2,1,ramp_down,2026-08-05T06:16:21.451653+00:00,0.1718,0.186,0.0026,1.17,-2050,0,2150,2407,2113,1965,2133,56,142,1056,86,0
10.811,2,1,ramp_down,2026-08-05T06:16:21.503246+00:00,0.1593,0.1816,0.0026,1.17,-2000,0,2100,2407,2114,1969,2133,56,148,0,86,0
10.86,2,1,ramp_down,2026-08-05T06:16:21.552708+00:00,0.1468,0.1838,0.0013,0.59,-2050,0,2100,2407,2114,1973,2134,56,144,20,92,0
10.91,2,1,ramp_down,2026-08-05T06:16:21.601852+00:00,0.1343,0.1838,0.0013,0.59,-2050,0,2100,2407,2114,1973,2134,56,144,0,88,0
10.959,2,1,ramp_down,2026-08-05T06:16:21.651562+00:00,0.1218,0.1882,0.0064,1.17,-2050,-50,2200,2407,2114,1973,2134,56,144,0,88,0
11.009,2,1,ramp_down,2026-08-05T06:16:21.701674+00:00,0.1093,0.1816,-0.0026,2.34,-2000,100,2100,2407,2114,1972,2134,56,144,1042,88,0
11.06,2,1,ramp_down,2026-08-05T06:16:21.752041+00:00,0.0967,0.1661,-0.0013,-0.59,-1900,0,1850,2407,2114,1970,2134,56,144,1050,88,0
11.11,2,1,ramp_down,2026-08-05T06:16:21.802152+00:00,0.0842,0.1638,0.0026,1.17,-1800,0,1900,2407,2114,1969,2134,56,144,1052,88,0
11.16,2,1,ramp_down,2026-08-05T06:16:21.851940+00:00,0.0717,0.155,-0.0026,-1.17,-1800,0,1700,2407,2114,1967,2134,56,144,1056,88,0
11.211,2,1,ramp_down,2026-08-05T06:16:21.902752+00:00,0.0592,0.1461,0.0,0.0,-1650,0,1650,2407,2114,1967,2134,56,144,1052,88,0
11.26,2,1,ramp_down,2026-08-05T06:16:21.952563+00:00,0.0467,0.1328,0.0,0.0,-1500,0,1500,2407,2114,1967,2134,56,144,1052,88,0
11.311,2,1,ramp_down,2026-08-05T06:16:22.002897+00:00,0.0341,0.124,0.0,0.0,-1400,0,1400,2407,2114,1968,2134,56,144,1050,88,0
11.36,2,1,ramp_down,2026-08-05T06:16:22.052405+00:00,0.0216,0.124,0.0026,1.17,-1350,0,1450,2407,2114,1969,2134,56,144,1048,88,0
11.41,2,1,ramp_down,2026-08-05T06:16:22.102370+00:00,0.009,0.1107,0.0,0.0,-1250,0,1250,2407,2114,1970,2134,56,144,1046,88,0
12.975,3,-1,ramp_up,2026-08-05T06:16:23.667734+00:00,-0.0,0.0,0.0,0.0,0,0,0,2407,2114,1968,2134,56,144,1050,88,0
13.023,3,-1,ramp_up,2026-08-05T06:16:23.714831+00:00,-0.0125,0.0,0.0,0.0,0,0,0,2407,2114,1968,2134,56,144,1050,88,0
13.07,3,-1,ramp_up,2026-08-05T06:16:23.761956+00:00,-0.025,0.0,0.0,0.0,0,0,0,2407,2114,1968,2134,56,144,1050,88,0
13.12,3,-1,ramp_up,2026-08-05T06:16:23.812255+00:00,-0.0376,-0.0022,-0.0013,-0.59,0,0,-50,2407,2114,1968,2134,56,144,1050,88,0
13.17,3,-1,ramp_up,2026-08-05T06:16:23.862157+00:00,-0.0501,0.0,0.0,0.0,0,0,0,2407,2114,1968,2134,56,144,1050,88,0
13.22,3,-1,ramp_up,2026-08-05T06:16:23.911819+00:00,-0.0626,-0.0111,-0.0038,-1.76,50,0,-200,2407,2114,1968,2134,56,144,1050,88,0
13.27,3,-1,ramp_up,2026-08-05T06:16:23.962197+00:00,-0.0751,-0.0266,-0.0026,-1.17,250,0,-350,2407,2114,1968,2134,56,144,1050,88,0
13.32,3,-1,ramp_up,2026-08-05T06:16:24.012088+00:00,-0.0876,-0.0376,-0.0013,-0.59,400,0,-450,2407,2114,1970,2134,56,144,1042,88,0
13.37,3,-1,ramp_up,2026-08-05T06:16:24.062192+00:00,-0.1002,-0.0465,-0.0013,-0.59,500,0,-550,2407,2114,1973,2134,56,144,20,88,0
13.42,3,-1,ramp_up,2026-08-05T06:16:24.112268+00:00,-0.1127,-0.0576,-0.0,0.0,650,0,-650,2407,2114,1974,2134,56,144,0,88,0
13.47,3,-1,ramp_up,2026-08-05T06:16:24.162271+00:00,-0.1252,-0.062,0.0026,-0.59,700,-50,-700,2407,2114,1974,2134,56,144,0,88,0
13.52,3,-1,ramp_up,2026-08-05T06:16:24.212695+00:00,-0.1377,-0.0775,0.0038,0.0,900,-50,-850,2407,2114,1974,2134,56,144,0,88,0
13.57,3,-1,ramp_up,2026-08-05T06:16:24.262590+00:00,-0.1503,-0.0841,-0.0,0.0,950,0,-950,2407,2114,1973,2134,56,144,0,88,0
13.62,3,-1,ramp_up,2026-08-05T06:16:24.312496+00:00,-0.1628,-0.093,0.0,-1.76,1000,-50,-1100,2407,2114,1971,2134,56,144,1048,88,0
13.671,3,-1,ramp_up,2026-08-05T06:16:24.362994+00:00,-0.1753,-0.1018,-0.0026,-1.17,1100,0,-1200,2407,2114,1971,2134,56,144,1044,88,0
13.722,3,-1,ramp_up,2026-08-05T06:16:24.414369+00:00,-0.1878,-0.1085,0.0013,-1.17,1200,-50,-1250,2407,2114,1971,2134,56,144,1044,88,0
13.776,3,-1,ramp_up,2026-08-05T06:16:24.468689+00:00,-0.2003,-0.1218,0.0038,0.0,1400,-50,-1350,2407,2114,1971,2134,56,144,1044,88,0
13.826,3,-1,ramp_up,2026-08-05T06:16:24.517914+00:00,-0.2128,-0.1306,0.0013,0.59,1500,0,-1450,2407,2114,1972,2134,56,144,1042,88,0
13.871,3,-1,ramp_up,2026-08-05T06:16:24.563209+00:00,-0.2254,-0.1351,-0.0013,-0.59,1500,0,-1550,2407,2114,1972,2134,56,144,1042,88,0
13.922,3,-1,ramp_up,2026-08-05T06:16:24.614681+00:00,-0.238,-0.1439,-0.0064,0.59,1600,100,-1650,2407,2114,1972,2134,56,144,1042,88,0
13.972,3,-1,ramp_up,2026-08-05T06:16:24.664517+00:00,-0.2506,-0.1528,-0.0013,1.17,1750,50,-1700,2407,2114,1970,2134,56,144,1046,88,0
14.023,3,-1,ramp_up,2026-08-05T06:16:24.715057+00:00,-0.2632,-0.1661,0.0064,-0.59,1900,-100,-1850,2407,2114,1968,2134,56,144,1054,88,0
14.077,3,-1,ramp_up,2026-08-05T06:16:24.769674+00:00,-0.2759,-0.1771,-0.0,0.0,2000,0,-2000,2407,2114,1966,2134,56,144,1054,88,0
14.125,3,-1,ramp_up,2026-08-05T06:16:24.816860+00:00,-0.2884,-0.1816,-0.0,0.0,2050,0,-2050,2407,2114,1966,2134,56,144,1054,88,0
14.173,3,-1,dwell,2026-08-05T06:16:24.865432+00:00,-0.3,-0.1816,-0.0102,2.34,2050,200,-2050,2407,2114,1968,2134,56,144,1046,88,0
14.224,3,-1,dwell,2026-08-05T06:16:24.916035+00:00,-0.3,-0.186,-0.0,1.76,2150,50,-2050,2407,2114,1969,2134,56,144,1048,88,0
14.276,3,-1,dwell,2026-08-05T06:16:24.968013+00:00,-0.3,-0.1816,-0.0,0.0,2050,0,-2050,2407,2114,1969,2134,56,144,1048,88,0
14.325,3,-1,dwell,2026-08-05T06:16:25.017632+00:00,-0.3,-0.1793,0.0013,0.59,2050,0,-2000,2407,2114,1967,2134,56,144,1056,88,0
14.379,3,-1,dwell,2026-08-05T06:16:25.071510+00:00,-0.3,-0.1793,0.0013,-1.17,2000,-50,-2050,2407,2114,1967,2134,56,144,1052,88,0
14.424,3,-1,dwell,2026-08-05T06:16:25.116317+00:00,-0.3,-0.1838,-0.0013,-0.59,2050,0,-2100,2407,2114,1967,2134,56,144,1052,88,0
14.474,3,-1,dwell,2026-08-05T06:16:25.166626+00:00,-0.3,-0.1816,-0.0026,-1.17,2000,0,-2100,2407,2114,1968,2134,56,144,1050,88,0
14.531,3,-1,dwell,2026-08-05T06:16:25.223117+00:00,-0.3,-0.186,-0.0,0.0,2100,0,-2100,2407,2114,1970,2134,56,144,1046,88,0
14.575,3,-1,ramp_down,2026-08-05T06:16:25.267193+00:00,-0.2986,-0.1838,0.0013,-1.17,2050,-50,-2100,2407,2114,1971,2134,56,144,0,88,0
14.625,3,-1,ramp_down,2026-08-05T06:16:25.317013+00:00,-0.2861,-0.1816,-0.0,0.0,2050,0,-2050,2407,2114,1972,2134,56,144,1042,88,0
14.676,3,-1,ramp_down,2026-08-05T06:16:25.368486+00:00,-0.2736,-0.1838,-0.0013,1.17,2100,50,-2050,2407,2114,1972,2134,56,144,1042,88,0
14.725,3,-1,ramp_down,2026-08-05T06:16:25.417093+00:00,-0.2611,-0.1793,0.0064,-2.34,2000,-150,-2050,2407,2114,1971,2134,56,144,1044,88,0
14.777,3,-1,ramp_down,2026-08-05T06:16:25.469411+00:00,-0.2485,-0.1838,-0.0038,0.0,2050,50,-2100,2407,2114,1970,2134,56,144,1046,88,0
14.827,3,-1,ramp_down,2026-08-05T06:16:25.519348+00:00,-0.2359,-0.1816,-0.0026,-1.17,2000,0,-2100,2407,2114,1970,2134,56,144,1046,88,0
14.876,3,-1,ramp_down,2026-08-05T06:16:25.568592+00:00,-0.2234,-0.186,-0.0,0.0,2100,0,-2100,2407,2114,1969,2134,56,144,1052,88,0
14.927,3,-1,ramp_down,2026-08-05T06:16:25.618982+00:00,-0.2108,-0.1838,-0.0038,0.0,2050,50,-2100,2407,2114,1969,2134,56,144,1048,88,0
14.977,3,-1,ramp_down,2026-08-05T06:16:25.669075+00:00,-0.1982,-0.1793,-0.0013,-0.59,2000,0,-2050,2407,2114,1969,2134,56,144,1048,88,0
15.027,3,-1,ramp_down,2026-08-05T06:16:25.719756+00:00,-0.1856,-0.1838,-0.0038,-1.76,2000,0,-2150,2407,2114,1969,2134,56,144,1048,88,0
15.078,3,-1,ramp_down,2026-08-05T06:16:25.769800+00:00,-0.173,-0.1816,-0.0026,-1.17,2000,0,-2100,2407,2114,1969,2134,56,144,1048,88,0
15.128,3,-1,ramp_down,2026-08-05T06:16:25.820608+00:00,-0.1604,-0.1771,-0.0026,-1.17,1950,0,-2050,2407,2114,1969,2134,56,144,1048,88,0
15.182,3,-1,ramp_down,2026-08-05T06:16:25.874616+00:00,-0.1478,-0.1771,-0.0026,-1.17,1950,0,-2050,2407,2114,1969,2134,56,144,1048,88,0
15.228,3,-1,ramp_down,2026-08-05T06:16:25.920439+00:00,-0.1353,-0.1793,0.0013,0.59,2050,0,-2000,2407,2114,1969,2134,56,144,1048,88,0
15.279,3,-1,ramp_down,2026-08-05T06:16:25.971202+00:00,-0.1228,-0.1749,-0.0013,-0.59,1950,0,-2000,2407,2114,1969,2134,56,144,1048,88,0
15.328,3,-1,ramp_down,2026-08-05T06:16:26.020664+00:00,-0.1103,-0.1727,-0.0,-1.76,1900,-50,-2000,2407,2114,1968,2134,56,144,1050,88,0
15.378,3,-1,ramp_down,2026-08-05T06:16:26.070453+00:00,-0.0978,-0.1705,-0.0064,-1.17,1850,50,-2000,2407,2114,1968,2134,56,144,1050,88,0
15.428,3,-1,ramp_down,2026-08-05T06:16:26.120445+00:00,-0.0852,-0.1661,-0.0013,-0.59,1850,0,-1900,2407,2114,1969,2134,56,144,1048,88,0
15.478,3,-1,ramp_down,2026-08-05T06:16:26.170678+00:00,-0.0727,-0.1506,-0.0,0.0,1700,0,-1700,2407,2114,1969,2134,56,144,1048,88,0
15.53,3,-1,ramp_down,2026-08-05T06:16:26.221935+00:00,-0.0602,-0.1483,0.0038,1.76,1750,0,-1600,2407,2114,1968,2134,56,144,1054,88,0
15.579,3,-1,ramp_down,2026-08-05T06:16:26.271425+00:00,-0.0476,-0.1351,0.0013,0.59,1550,0,-1500,2407,2114,1967,2134,56,144,1056,88,0
15.63,3,-1,ramp_down,2026-08-05T06:16:26.322105+00:00,-0.0351,-0.124,0.0026,1.17,1450,0,-1350,2407,2114,1966,2134,56,144,1054,88,0
15.679,3,-1,ramp_down,2026-08-05T06:16:26.371418+00:00,-0.0225,-0.1129,-0.0013,-0.59,1250,0,-1300,2407,2114,1966,2134,56,144,1054,88,0
15.731,3,-1,ramp_down,2026-08-05T06:16:26.423710+00:00,-0.01,-0.1107,-0.0,0.0,1250,0,-1250,2407,2114,1966,2134,56,144,1054,88,0
