step,t_s,state.elbow_flex,state.gripper,state.shoulder_lift,state.shoulder_pan,state.wrist_flex,state.wrist_roll,cmd.elbow_flex,cmd.gripper,cmd.shoulder_lift,cmd.shoulder_pan,cmd.wrist_flex,cmd.wrist_roll
0,0.5679,99.458,94.197,-99.584,0.959,75.626,38.95,100.675,62.6,-103.081,1.05,80.325,38.882
1,0.7196,99.458,94.197,-99.584,0.959,75.626,38.95,100.591,62.425,-102.958,0.995,79.777,38.878
2,0.8284,99.368,86.977,-100.0,0.959,77.325,39.145,100.528,62.345,-103.041,0.992,79.748,38.894
3,0.914,99.368,76.316,-100.0,0.959,77.325,39.096,100.099,61.987,-102.694,0.603,77.581,38.9
4,0.9987,99.368,68.354,-100.0,0.959,77.325,39.096,99.696,61.666,-102.381,0.136,74.759,38.911
5,1.0605,99.368,64.238,-100.0,0.959,76.985,39.048,99.459,61.46,-102.343,-0.023,73.336,38.915
6,1.1269,99.458,62.955,-100.0,0.664,76.815,38.95,99.343,61.368,-102.309,0.029,73.061,38.913
7,1.1874,99.458,62.146,-100.0,0.369,75.202,38.901,99.217,61.198,-102.236,-0.106,71.875,38.911
8,1.2568,99.458,61.808,-100.0,0.442,74.268,38.901,99.207,61.179,-102.254,-0.059,72.106,38.911
9,1.3262,99.458,61.538,-100.0,0.442,73.163,38.852,99.137,61.15,-102.298,-0.083,71.8,38.91
10,1.395,99.458,61.538,-100.0,0.442,72.909,38.852,99.077,61.099,-102.327,-0.128,71.222,38.909
11,1.4612,99.458,61.538,-100.0,0.442,72.654,38.852,99.034,61.069,-102.236,-0.218,70.469,38.908
12,1.5273,99.458,61.471,-100.0,0.442,72.144,38.852,99.001,61.04,-102.138,-0.271,69.942,38.909
13,1.5949,99.458,61.404,-100.0,0.442,71.465,38.803,98.975,61.011,-102.089,-0.344,69.212,38.909
14,1.6567,99.458,61.404,-100.0,0.147,70.87,38.803,98.98,60.95,-101.83,-0.476,68.144,38.909
15,1.7193,99.458,61.404,-99.917,0.147,70.276,38.803,99.009,60.941,-101.402,-0.653,66.707,38.91
16,1.7801,99.458,61.404,-99.75,0.074,69.427,38.803,99.001,60.798,-101.051,-0.783,65.324,38.911
17,1.8427,99.458,61.201,-99.667,0.0,68.323,38.803,98.989,60.601,-100.675,-0.918,63.894,38.911
18,1.8985,99.458,61.134,-99.584,0.0,66.964,38.803,98.996,60.625,-100.345,-1.114,62.288,38.911
19,1.9457,99.458,60.999,-99.584,-0.369,65.86,38.803,99.044,60.431,-99.767,-1.25,60.629,38.913
20,1.9972,99.458,60.999,-99.501,-0.442,64.841,38.803,99.092,60.225,-99.241,-1.402,58.934,38.914
21,2.05,99.458,60.729,-99.501,-0.442,63.312,38.803,99.082,60.208,-98.895,-1.578,57.289,38.915
22,2.0928,99.458,60.594,-99.418,-0.516,61.699,38.803,99.18,59.928,-98.062,-1.786,55.073,38.917
23,2.1382,99.458,60.459,-99.418,-0.959,60.34,38.803,99.214,59.757,-97.52,-1.925,53.33,38.918
24,2.1828,99.458,60.391,-99.251,-1.106,58.641,38.803,99.297,59.65,-96.892,-2.093,51.314,38.92
25,2.2262,99.458,60.121,-98.502,-1.254,56.603,38.803,99.374,59.439,-96.051,-2.366,48.894,38.922
26,2.2716,99.549,59.987,-97.92,-1.549,55.074,38.803,99.437,59.262,-95.356,-2.598,46.834,38.924
27,2.3151,99.549,59.919,-97.255,-1.77,53.036,38.803,99.514,59.041,-94.423,-2.881,44.274,38.926
28,2.3585,99.639,59.919,-96.506,-1.991,50.828,38.803,99.605,58.811,-93.41,-3.135,41.819,38.927
29,2.4048,99.639,59.514,-95.84,-2.212,48.875,38.803,99.71,58.557,-92.313,-3.36,39.326,38.929
30,2.4521,99.729,59.244,-94.842,-2.507,46.412,38.803,99.801,58.323,-91.114,-3.591,36.712,38.931
31,2.4937,99.819,59.042,-93.927,-2.802,43.864,38.803,99.905,58.063,-89.881,-3.851,34.116,38.933
32,2.5388,99.91,58.772,-93.012,-3.097,41.571,38.803,100.053,57.821,-88.662,-4.08,31.47,38.935
33,2.5807,99.91,58.502,-91.93,-3.392,39.023,38.803,100.209,57.495,-87.178,-4.275,28.787,38.937
34,2.6242,99.91,58.3,-90.849,-3.54,36.73,38.803,100.296,57.193,-85.696,-4.518,26.152,38.938
35,2.6692,99.91,58.03,-89.601,-3.835,34.183,38.803,100.422,56.881,-84.333,-4.715,23.592,38.94
36,2.7115,99.91,57.692,-88.103,-3.909,31.465,38.803,100.519,56.576,-82.652,-4.951,20.83,38.942
37,2.7548,99.91,57.422,-86.689,-4.204,28.832,38.803,100.595,56.302,-81.067,-5.154,18.4,38.944
38,2.7991,99.91,57.085,-85.358,-4.425,26.2,38.803,100.722,55.985,-79.483,-5.318,15.989,38.946
39,2.8434,99.91,56.815,-83.86,-4.499,23.482,38.803,100.85,55.747,-78.06,-5.464,13.909,38.947
40,2.8865,99.91,56.545,-82.196,-4.794,20.934,38.803,100.947,55.501,-76.614,-5.616,11.793,38.949
41,2.9297,99.91,56.208,-80.616,-4.867,18.471,38.803,101.02,55.263,-75.145,-5.792,9.748,38.95
42,2.9739,99.91,56.005,-79.201,-4.941,16.263,38.803,101.085,55.039,-73.615,-5.933,7.674,38.951
43,3.0168,99.91,55.735,-77.621,-5.31,14.055,38.803,101.135,54.801,-72.104,-6.078,5.694,38.953
44,3.0595,99.91,55.533,-76.29,-5.383,11.847,38.803,101.14,54.556,-70.506,-6.201,3.699,38.954
45,3.1036,99.91,55.263,-74.709,-5.31,9.894,38.803,101.191,54.341,-69.147,-6.3,2.031,38.954
46,3.1448,99.91,55.061,-73.045,-5.236,7.771,38.803,101.228,54.126,-67.726,-6.417,0.262,38.955
47,3.1871,99.819,54.791,-71.464,-5.605,5.902,38.803,101.231,53.881,-66.169,-6.507,-1.669,38.955
48,3.2276,99.729,54.588,-70.216,-5.9,4.119,38.803,101.264,53.643,-64.74,-6.621,-3.413,38.956
49,3.2721,99.639,54.318,-68.885,-5.973,2.335,38.803,101.291,53.425,-63.342,-6.697,-5.046,38.956
50,3.3132,99.549,54.049,-67.304,-5.826,0.212,38.803,101.299,53.219,-61.989,-6.745,-6.611,38.956
51,3.3557,99.458,53.846,-65.89,-5.826,-1.316,38.803,101.303,53.005,-60.754,-6.816,-7.995,38.956
52,3.3983,99.458,53.576,-64.393,-6.121,-3.1,38.803,101.296,52.783,-59.488,-6.866,-9.298,38.956
53,3.4421,99.368,53.441,-63.062,-6.416,-4.713,38.803,101.249,52.586,-58.141,-6.923,-10.659,38.956
54,3.4839,99.368,53.171,-61.73,-6.416,-6.157,38.803,101.196,52.391,-56.808,-6.985,-11.944,38.956
55,3.5259,99.368,53.036,-60.483,-6.342,-7.516,38.803,101.182,52.214,-55.564,-7.038,-13.191,38.955
56,3.5706,99.278,52.767,-59.151,-6.416,-9.045,38.803,101.119,52.017,-54.236,-7.056,-14.478,38.955
57,3.6121,99.278,52.564,-57.654,-6.637,-10.318,38.803,101.07,51.832,-53.032,-7.072,-15.597,38.954
58,3.6547,99.187,52.429,-56.406,-6.637,-11.592,38.803,100.998,51.681,-51.771,-7.095,-16.694,38.953
59,3.6974,99.187,52.227,-55.075,-6.563,-12.866,38.803,100.917,51.508,-50.51,-7.111,-17.782,38.952
60,3.7477,99.187,52.024,-53.827,-6.563,-14.14,38.755,100.849,51.352,-49.176,-7.132,-18.952,38.951
61,3.7903,99.187,51.822,-52.413,-6.563,-15.499,38.755,100.787,51.174,-47.958,-7.144,-20.005,38.95
62,3.8329,99.097,51.822,-51.248,-6.563,-16.433,38.755,100.702,51.024,-46.683,-7.146,-21.067,38.949
63,3.8772,99.097,51.552,-50.0,-6.563,-17.537,38.755,100.591,50.856,-45.427,-7.142,-22.121,38.947
64,3.9183,99.097,51.417,-48.669,-6.563,-18.726,38.755,100.521,50.704,-44.256,-7.153,-23.085,38.946
65,3.9595,99.097,51.215,-47.421,-6.563,-19.66,38.755,100.424,50.535,-42.957,-7.14,-24.125,38.945
66,4.0043,99.097,51.08,-46.256,-6.563,-20.679,38.755,100.296,50.389,-41.75,-7.11,-25.048,38.943
67,4.0464,99.097,50.945,-44.925,-6.563,-21.783,38.755,100.159,50.264,-40.58,-7.084,-25.892,38.941
68,4.0889,99.097,50.742,-43.844,-6.563,-22.803,38.755,100.019,50.094,-39.375,-7.05,-26.786,38.939
69,4.1315,99.097,50.607,-42.679,-6.563,-23.822,38.755,99.891,49.951,-38.231,-7.016,-27.687,38.938
70,4.175,99.097,50.405,-41.348,-6.563,-24.671,38.755,99.759,49.815,-37.073,-6.978,-28.545,38.937
71,4.2166,99.007,50.405,-40.1,-6.563,-25.52,38.755,99.614,49.663,-35.97,-6.945,-29.33,38.936
72,4.2585,99.007,50.337,-39.018,-6.563,-26.454,38.755,99.456,49.498,-34.871,-6.883,-30.032,38.934
73,4.3025,99.007,50.135,-37.854,-6.563,-27.304,38.755,99.285,49.345,-33.813,-6.829,-30.714,38.933
74,4.3444,99.007,49.933,-36.606,-6.563,-28.153,38.755,99.098,49.155,-32.71,-6.771,-31.461,38.931
75,4.387,99.007,49.73,-35.524,-6.563,-28.917,38.755,98.933,49.002,-31.633,-6.706,-32.219,38.93
76,4.4283,98.916,49.595,-34.359,-6.563,-29.682,38.755,98.769,48.835,-30.627,-6.654,-32.846,38.929
77,4.4718,98.826,49.393,-33.278,-6.563,-30.361,38.755,98.535,48.69,-29.484,-6.576,-33.614,38.928
78,4.5131,98.826,49.19,-32.03,-6.563,-31.125,38.755,98.377,48.521,-28.562,-6.502,-34.208,38.927
79,4.555,98.736,49.055,-31.032,-6.563,-31.805,38.755,98.192,48.355,-27.536,-6.432,-34.895,38.926
80,4.5966,98.646,48.853,-29.867,-6.563,-32.569,38.755,98.005,48.195,-26.491,-6.338,-35.544,38.925
81,4.64,98.465,48.853,-28.952,-6.563,-33.163,38.755,97.774,48.049,-25.498,-6.237,-36.156,38.924
82,4.6821,98.465,48.583,-27.87,-6.563,-33.928,38.755,97.589,47.904,-24.58,-6.156,-36.738,38.923
83,4.7239,98.465,48.448,-26.955,-6.563,-34.607,38.755,97.366,47.743,-23.619,-6.072,-37.337,38.923
84,4.7672,98.465,48.313,-26.04,-6.563,-35.117,38.755,97.164,47.591,-22.681,-5.981,-37.957,38.923
85,4.8111,98.284,48.111,-25.042,-6.563,-35.796,38.755,96.947,47.433,-21.792,-5.881,-38.522,38.922
86,4.852,98.284,48.043,-23.877,-6.563,-36.391,38.755,96.772,47.288,-20.988,-5.794,-39.005,38.922
87,4.8936,98.284,47.976,-22.962,-6.563,-36.985,38.755,96.57,47.137,-20.168,-5.699,-39.483,38.922
88,4.9366,98.284,47.638,-22.047,-6.563,-37.58,38.755,96.346,47.042,-19.311,-5.614,-39.927,38.921
89,4.9791,98.194,47.571,-21.215,-6.49,-38.089,38.755,96.113,46.868,-18.468,-5.518,-40.458,38.921
90,5.0267,97.923,47.368,-20.3,-6.342,-38.599,38.755,95.897,46.729,-17.632,-5.406,-40.966,38.921
91,5.0714,97.652,47.233,-19.301,-6.047,-39.108,38.755,95.697,46.578,-16.838,-5.308,-41.437,38.92
92,5.1132,97.652,47.099,-18.552,-5.973,-39.618,38.755,95.484,46.457,-16.065,-5.208,-41.9,38.92
93,5.1557,97.381,46.964,-17.887,-5.973,-40.042,38.755,95.278,46.346,-15.363,-5.126,-42.296,38.92
94,5.1968,97.201,46.829,-17.138,-5.973,-40.637,38.755,95.021,46.196,-14.631,-5.005,-42.748,38.92
95,5.2401,96.93,46.694,-16.306,-5.9,-40.977,38.755,94.823,46.049,-13.916,-4.907,-43.169,38.92
96,5.2815,96.659,46.491,-15.557,-5.9,-41.401,38.755,94.618,45.891,-13.251,-4.785,-43.579,38.92
97,5.3243,96.388,46.424,-14.642,-5.678,-41.826,38.755,94.408,45.782,-12.539,-4.686,-43.968,38.92
98,5.3666,96.208,46.424,-13.894,-5.383,-42.251,38.755,94.212,45.639,-11.916,-4.603,-44.296,38.92
99,5.4096,96.027,46.221,-13.311,-5.236,-42.675,38.755,93.987,45.519,-11.268,-4.515,-44.645,38.92
100,5.4506,95.756,46.019,-12.479,-5.162,-43.1,38.755,93.855,45.179,-10.549,-4.423,-45.009,38.918
101,5.4929,95.576,45.884,-11.814,-5.162,-43.439,38.755,93.716,44.836,-9.785,-4.33,-45.441,38.917
102,5.5376,95.485,45.614,-11.231,-5.236,-43.864,38.755,93.63,44.508,-9.143,-4.242,-45.856,38.915
103,5.579,95.214,45.344,-10.399,-5.162,-44.289,38.755,93.627,44.196,-8.796,-4.205,-46.02,38.914
104,5.6207,95.214,45.074,-9.734,-4.941,-44.713,38.755,93.596,43.865,-8.538,-4.181,-46.195,38.914
105,5.6633,95.214,44.737,-9.151,-4.646,-44.968,38.755,93.575,43.527,-8.267,-4.178,-46.391,38.915
106,5.7069,95.214,44.399,-8.735,-4.572,-45.223,38.755,93.515,43.14,-7.875,-4.142,-46.581,38.915
107,5.7478,95.214,44.13,-8.486,-4.572,-45.393,38.755,93.47,42.761,-7.542,-4.146,-46.799,38.914
108,5.7911,95.214,43.792,-8.236,-4.572,-45.478,38.755,93.465,42.333,-7.224,-4.125,-46.936,38.914
109,5.8358,95.124,43.387,-7.737,-4.572,-45.817,38.755,93.43,41.904,-6.931,-4.1,-47.1,38.914
110,5.8791,95.034,42.982,-7.488,-4.572,-45.902,38.755,93.379,41.446,-6.668,-4.068,-47.239,38.914
111,5.9218,94.853,42.578,-7.155,-4.572,-45.987,38.755,93.375,40.996,-6.452,-4.046,-47.333,38.914
112,5.9639,94.853,42.24,-6.905,-4.572,-46.242,38.755,93.373,40.531,-6.255,-4.026,-47.437,38.914
113,6.0083,94.673,41.768,-6.572,-4.572,-46.412,38.755,93.367,40.054,-6.066,-4.0,-47.538,38.915
114,6.0509,94.673,41.296,-6.406,-4.572,-46.412,38.755,93.424,39.583,-5.952,-3.953,-47.594,38.914
115,6.093,94.673,40.823,-6.156,-4.499,-46.412,38.755,93.437,39.12,-5.8,-3.924,-47.699,38.915
116,6.1379,94.673,40.351,-5.907,-4.499,-46.412,38.755,93.427,38.635,-5.611,-3.891,-47.838,38.914
117,6.1797,94.673,39.879,-5.824,-4.499,-46.497,38.755,93.466,38.137,-5.573,-3.884,-47.816,38.915
118,6.2241,94.673,39.406,-5.657,-4.499,-46.752,38.755,93.545,37.653,-5.53,-3.873,-47.84,38.916
119,6.2679,94.673,38.934,-5.657,-4.499,-46.921,38.755,93.614,37.137,-5.566,-3.848,-47.793,38.916
120,6.3153,94.673,38.462,-5.657,-4.425,-46.921,38.755,93.67,36.661,-5.52,-3.839,-47.843,38.916
121,6.358,94.673,37.922,-5.657,-4.425,-46.921,38.755,93.721,36.183,-5.544,-3.82,-47.896,38.916
122,6.3999,94.673,37.517,-5.657,-4.425,-46.921,38.755,93.795,35.713,-5.567,-3.792,-47.912,38.916
123,6.4443,94.673,37.045,-5.657,-4.425,-46.921,38.755,93.906,35.254,-5.657,-3.778,-47.901,38.916
124,6.4853,94.673,36.505,-5.657,-4.425,-46.921,38.755,93.981,34.789,-5.79,-3.756,-47.839,38.917
125,6.5269,94.673,36.1,-5.657,-4.425,-46.921,38.755,94.036,34.335,-5.916,-3.722,-47.821,38.917
126,6.5713,94.673,35.628,-5.657,-4.425,-46.921,38.755,94.092,33.895,-6.024,-3.699,-47.807,38.918
127,6.6126,94.673,35.088,-5.657,-4.425,-46.921,38.755,94.193,33.453,-6.211,-3.658,-47.732,38.919
128,6.6544,94.673,34.683,-5.657,-4.425,-46.921,38.755,94.325,32.995,-6.477,-3.615,-47.578,38.919
129,6.696,94.673,34.211,-5.657,-4.425,-46.921,38.755,94.412,32.546,-6.66,-3.585,-47.551,38.919
130,6.7395,94.673,33.806,-5.657,-4.425,-46.921,38.755,94.52,32.088,-6.967,-3.539,-47.381,38.92
131,6.7817,94.673,33.333,-5.657,-4.204,-46.921,38.755,94.609,31.657,-7.195,-3.474,-47.292,38.92
132,6.8242,94.673,32.861,-5.657,-3.982,-46.921,38.755,94.694,31.208,-7.491,-3.418,-47.078,38.92
133,6.8656,94.673,32.389,-5.657,-3.835,-46.921,38.755,94.82,30.763,-7.858,-3.371,-46.911,38.921
134,6.9089,94.673,31.984,-5.74,-3.835,-46.921,38.755,94.965,30.323,-8.278,-3.326,-46.648,38.921
135,6.95,94.673,31.511,-5.74,-3.835,-46.921,38.755,95.07,29.856,-8.737,-3.27,-46.38,38.922
136,6.9923,94.763,31.107,-5.99,-3.835,-46.921,38.755,95.187,29.412,-9.203,-3.212,-46.135,38.922
137,7.0344,94.853,30.634,-6.406,-3.835,-46.921,38.755,95.258,28.981,-9.627,-3.148,-45.9,38.923
138,7.0782,94.944,30.162,-6.822,-3.835,-46.837,38.755,95.358,28.536,-10.168,-3.085,-45.549,38.924
139,7.1206,94.944,29.757,-7.321,-3.909,-46.497,38.755,95.462,28.073,-10.809,-3.038,-45.149,38.924
140,7.1621,94.944,29.285,-7.737,-3.687,-46.157,38.755,95.535,27.642,-11.425,-2.977,-44.771,38.925
141,7.2061,95.305,28.812,-8.319,-3.466,-45.732,38.755,95.635,27.217,-12.132,-2.909,-44.296,38.925
142,7.2474,95.395,28.408,-8.902,-3.392,-45.393,38.755,95.695,26.821,-12.737,-2.845,-43.925,38.926
143,7.2899,95.485,27.935,-9.567,-3.392,-44.968,38.755,95.803,26.378,-13.53,-2.77,-43.395,38.927
144,7.3321,95.576,27.53,-10.233,-3.466,-44.544,38.755,95.889,25.963,-14.226,-2.687,-42.902,38.928
145,7.3764,95.666,27.126,-10.899,-3.392,-44.119,38.755,96.004,25.556,-15.054,-2.62,-42.359,38.929
146,7.4181,95.756,26.653,-11.647,-3.245,-43.524,38.755,96.085,25.153,-15.888,-2.534,-41.764,38.929
147,7.4602,95.847,26.248,-12.396,-3.171,-43.1,38.755,96.209,24.724,-16.787,-2.458,-41.146,38.93
148,7.5036,95.937,25.843,-13.228,-3.171,-42.59,38.755,96.337,24.297,-17.72,-2.381,-40.494,38.931
149,7.5472,96.027,25.371,-13.977,-3.171,-41.996,38.755,96.533,23.84,-18.881,-2.314,-39.679,38.932
150,7.5941,96.298,25.034,-14.975,-3.171,-41.401,38.755,96.705,23.409,-20.04,-2.217,-38.88,38.933
151,7.6382,96.388,24.561,-15.89,-2.95,-40.722,38.755,96.907,22.991,-21.237,-2.137,-38.119,38.933
152,7.6794,96.479,24.157,-16.889,-2.876,-39.873,38.755,97.099,22.54,-22.535,-2.051,-37.218,38.934
153,7.7204,96.749,23.752,-17.97,-2.729,-39.278,38.755,97.263,22.105,-23.838,-1.953,-36.329,38.935
154,7.7626,96.84,23.347,-19.052,-2.655,-38.514,38.755,97.509,21.679,-25.237,-1.854,-35.428,38.935
155,7.8058,97.111,22.874,-20.383,-2.655,-37.58,38.755,97.766,21.238,-26.787,-1.757,-34.386,38.935
156,7.8478,97.381,22.402,-21.714,-2.729,-36.73,38.755,97.994,20.822,-28.278,-1.646,-33.411,38.935
157,7.8905,97.652,21.997,-23.211,-2.655,-35.881,38.755,98.245,20.364,-29.911,-1.556,-32.299,38.935
158,7.9336,97.743,21.525,-24.626,-2.286,-34.947,38.755,98.483,19.922,-31.592,-1.438,-31.148,38.935
159,7.9779,98.104,21.12,-26.206,-2.065,-34.013,38.755,98.703,19.455,-33.343,-1.335,-29.902,38.935
160,8.0201,98.194,20.648,-27.704,-1.991,-32.909,38.755,98.951,18.985,-35.223,-1.251,-28.574,38.935
161,8.0629,98.284,20.243,-29.451,-1.991,-31.805,38.755,99.147,18.512,-37.082,-1.149,-27.196,38.936
162,8.1071,98.375,19.838,-31.198,-1.991,-30.616,38.755,99.36,18.044,-38.952,-1.051,-25.806,38.937
163,8.15,98.375,19.298,-33.111,-1.917,-29.257,38.755,99.615,17.546,-41.016,-0.979,-24.27,38.938
164,8.1941,98.465,18.826,-34.942,-1.696,-28.068,38.755,99.833,17.056,-43.091,-0.88,-22.737,38.939
165,8.2394,98.555,18.354,-36.855,-1.475,-26.624,38.755,100.042,16.544,-45.226,-0.789,-21.108,38.94
166,8.2815,98.736,17.881,-39.101,-1.327,-25.096,38.755,100.165,16.055,-47.251,-0.699,-19.481,38.943
167,8.3258,98.736,17.409,-40.765,-1.327,-23.652,38.755,100.347,15.554,-49.437,-0.627,-17.713,38.945
168,8.3697,98.736,16.937,-42.928,-1.327,-22.038,38.755,100.483,15.089,-51.57,-0.54,-15.97,38.948
169,8.4149,98.826,16.397,-44.759,-1.327,-20.425,38.755,100.57,14.641,-53.625,-0.46,-14.225,38.95
170,8.4596,98.916,15.857,-47.088,-1.327,-18.641,38.755,100.672,14.169,-55.794,-0.386,-12.388,38.953
171,8.5064,98.916,15.385,-49.334,-1.254,-17.028,38.755,100.728,13.748,-57.837,-0.319,-10.624,38.956
172,8.5493,98.916,14.912,-51.581,-1.254,-14.989,38.755,100.769,13.348,-59.881,-0.262,-8.777,38.959
173,8.5912,99.007,14.44,-53.661,-1.032,-13.461,38.755,100.782,12.949,-61.885,-0.201,-6.924,38.962
174,8.6327,99.007,14.103,-55.657,-0.737,-11.762,38.755,100.772,12.576,-63.813,-0.154,-5.116,38.965
175,8.677,99.187,13.63,-57.737,-0.664,-9.979,38.755,100.75,12.212,-65.736,-0.109,-3.296,38.969
176,8.7192,99.187,13.225,-59.9,-0.737,-8.11,38.755,100.713,11.831,-67.722,-0.062,-1.357,38.972
177,8.7611,99.278,12.821,-61.814,-0.737,-6.242,38.755,100.673,11.495,-69.649,-0.021,0.511,38.977
178,8.805,99.278,12.483,-63.81,-0.737,-4.544,38.755,100.633,11.196,-71.535,0.022,2.415,38.98
179,8.8478,99.458,12.146,-65.973,-0.664,-2.59,38.755,100.582,10.911,-73.344,0.052,4.259,38.984
180,8.8961,99.549,11.741,-67.887,-0.664,-0.807,38.755,100.535,10.624,-75.186,0.073,6.148,38.987
181,8.9396,99.729,11.471,-70.05,-0.664,1.401,38.755,100.474,10.369,-77.014,0.089,8.059,38.991
182,8.9817,99.91,11.134,-71.714,-0.664,3.1,38.755,100.416,10.154,-78.673,0.095,9.847,38.995
183,9.0245,100.0,10.931,-73.71,-0.664,4.968,38.755,100.35,9.938,-80.364,0.111,11.663,38.998
184,9.0663,100.0,10.594,-75.458,-0.664,6.752,38.755,100.286,9.754,-81.951,0.111,13.41,39.002
185,9.1097,100.0,10.391,-77.038,-0.737,8.535,38.755,100.222,9.586,-83.498,0.1,15.11,39.006
186,9.1511,100.0,10.121,-78.702,-0.664,10.488,38.755,100.153,9.435,-84.921,0.081,16.73,39.01
187,9.1936,100.0,10.054,-80.283,-0.664,12.187,38.755,100.089,9.295,-86.348,0.069,18.354,39.014
188,9.2369,100.0,9.919,-81.947,-0.664,13.885,38.755,100.02,9.187,-87.671,0.051,19.881,39.018
189,9.2815,100.0,9.649,-83.444,-0.664,15.584,38.755,99.954,9.078,-88.965,0.026,21.398,39.022
190,9.3227,100.0,9.649,-84.942,-0.664,17.282,38.755,99.888,9.006,-90.129,-0.011,22.829,39.025
191,9.3643,100.0,9.582,-86.19,-0.664,18.811,38.755,99.827,8.945,-91.264,-0.048,24.254,39.029
192,9.4088,100.0,9.379,-87.77,-0.664,20.34,38.755,99.764,8.899,-92.316,-0.088,25.595,39.033
193,9.4507,100.0,9.244,-88.935,-0.664,21.868,38.755,99.708,8.848,-93.335,-0.139,26.946,39.036
194,9.4934,100.0,9.244,-90.1,-0.664,23.312,38.755,99.651,8.82,-94.232,-0.185,28.162,39.039
195,9.5352,100.0,9.244,-91.265,-0.664,24.671,38.755,99.595,8.784,-95.134,-0.244,29.402,39.042
196,9.5805,100.0,9.244,-92.18,-0.664,26.03,38.755,99.543,8.751,-95.96,-0.298,30.546,39.044
197,9.6215,100.0,9.244,-93.178,-0.664,27.473,38.755,99.491,8.724,-96.734,-0.355,31.64,39.046
198,9.6625,100.0,9.244,-94.01,-0.664,28.577,38.755,99.449,8.702,-97.433,-0.407,32.617,39.048
199,9.7074,99.91,9.109,-94.842,-0.664,29.766,38.755,99.403,8.68,-98.097,-0.46,33.58,39.049
200,9.7487,99.819,8.907,-95.84,-0.664,31.04,38.755,99.36,8.667,-98.685,-0.505,34.438,39.05
201,9.7903,99.819,8.907,-96.589,-0.664,31.89,38.755,99.315,8.651,-99.205,-0.56,35.261,39.051
202,9.8318,99.729,8.839,-97.338,-0.664,32.909,38.803,99.283,8.643,-99.688,-0.611,35.985,39.052
203,9.8758,99.729,8.839,-97.837,-0.664,33.843,38.852,99.258,8.638,-100.093,-0.647,36.615,39.053
204,9.918,99.639,8.839,-98.502,-0.664,34.777,38.852,99.23,8.629,-100.441,-0.684,37.207,39.053
205,9.9606,99.639,8.839,-99.002,-0.664,35.541,38.852,99.208,8.622,-100.725,-0.719,37.703,39.053
206,10.0031,99.639,8.839,-99.251,-0.664,36.221,38.852,99.202,8.614,-100.97,-0.747,38.099,39.052
207,10.046,99.639,8.839,-99.334,-0.664,36.9,38.852,99.193,8.609,-101.165,-0.775,38.428,39.052
208,10.0871,99.639,8.839,-99.418,-0.664,37.41,38.852,99.195,8.603,-101.333,-0.788,38.712,39.05
209,10.1294,99.639,8.839,-99.418,-0.664,37.834,38.852,99.202,8.595,-101.452,-0.804,38.922,39.048
210,10.178,99.639,8.839,-99.418,-0.664,38.259,38.852,99.208,8.586,-101.551,-0.817,39.093,39.047
211,10.2194,99.639,8.839,-99.418,-0.664,38.599,38.852,99.215,8.575,-101.623,-0.823,39.215,39.045
212,10.2622,99.639,8.839,-99.418,-0.664,38.854,38.852,99.23,8.568,-101.681,-0.824,39.316,39.043
213,10.3061,99.639,8.839,-99.418,-0.664,38.938,38.852,99.242,8.559,-101.73,-0.826,39.392,39.042
214,10.3492,99.639,8.839,-99.418,-0.664,38.938,38.852,99.262,8.55,-101.772,-0.83,39.414,39.04
215,10.3901,99.639,8.839,-99.418,-0.664,39.193,38.852,99.273,8.542,-101.8,-0.83,39.472,39.038
216,10.432,99.639,8.839,-99.418,-0.664,39.278,38.852,99.286,8.531,-101.825,-0.831,39.496,39.035
217,10.4754,99.639,8.839,-99.418,-0.664,39.278,38.852,99.305,8.522,-101.837,-0.824,39.492,39.032
218,10.5175,99.639,8.839,-99.418,-0.664,39.278,38.852,99.327,8.515,-101.869,-0.813,39.474,39.03
219,10.5601,99.639,8.839,-99.418,-0.664,39.278,38.852,99.347,8.503,-101.874,-0.801,39.434,39.028
220,10.6013,99.639,8.839,-99.418,-0.664,39.278,38.852,99.368,8.492,-101.882,-0.793,39.399,39.025
221,10.6444,99.639,8.839,-99.418,-0.664,39.278,38.852,99.388,8.479,-101.88,-0.781,39.359,39.022
222,10.6865,99.639,8.839,-99.418,-0.664,39.278,38.852,99.405,8.469,-101.877,-0.77,39.305,39.019
223,10.7284,99.639,8.839,-99.418,-0.664,39.278,38.852,99.432,8.458,-101.88,-0.756,39.227,39.016
224,10.771,99.639,8.839,-99.418,-0.664,39.278,38.852,99.454,8.452,-101.875,-0.738,39.135,39.013
225,10.8137,99.639,8.839,-99.418,-0.664,39.278,38.852,99.472,8.44,-101.856,-0.721,39.046,39.011
226,10.8541,99.639,8.839,-99.418,-0.664,39.278,38.852,99.492,8.432,-101.851,-0.699,38.975,39.007
227,10.8963,99.639,8.839,-99.418,-0.664,39.278,38.852,99.513,8.42,-101.846,-0.677,38.884,39.004
228,10.9404,99.639,8.839,-99.418,-0.664,39.278,38.852,99.53,8.411,-101.832,-0.654,38.777,39.001
229,10.9828,99.639,8.839,-99.418,-0.664,39.278,38.852,99.544,8.401,-101.811,-0.634,38.655,38.999
230,11.0241,99.639,8.839,-99.418,-0.664,39.278,38.852,99.558,8.394,-101.792,-0.612,38.528,38.996
231,11.0659,99.639,8.839,-99.418,-0.664,39.278,38.852,99.572,8.384,-101.783,-0.585,38.411,38.993
232,11.1094,99.639,8.839,-99.418,-0.664,39.278,38.852,99.587,8.374,-101.766,-0.554,38.292,38.99
233,11.1505,99.639,8.839,-99.418,-0.664,39.278,38.852,99.603,8.365,-101.757,-0.523,38.184,38.987
234,11.191,99.639,8.839,-99.418,-0.664,39.278,38.852,99.611,8.358,-101.754,-0.494,38.06,38.984
235,11.2327,99.639,8.839,-99.418,-0.664,39.278,38.852,99.623,8.353,-101.744,-0.463,37.931,38.982
236,11.2761,99.639,8.839,-99.418,-0.664,39.278,38.852,99.63,8.347,-101.74,-0.432,37.793,38.979
237,11.3172,99.639,8.839,-99.418,-0.664,39.278,38.852,99.644,8.341,-101.731,-0.397,37.665,38.976
238,11.3576,99.639,8.839,-99.418,-0.664,39.278,38.852,99.649,8.336,-101.726,-0.363,37.547,38.974
239,11.3998,99.639,8.839,-99.418,-0.664,39.278,38.852,99.647,8.33,-101.722,-0.332,37.424,38.972
240,11.4478,99.639,8.839,-99.418,-0.664,38.938,38.852,99.652,8.329,-101.72,-0.292,37.287,38.97
241,11.4899,99.639,8.839,-99.418,-0.664,38.599,38.852,99.653,8.326,-101.721,-0.254,37.153,38.969
242,11.5323,99.639,8.839,-99.418,-0.664,38.599,38.852,99.652,8.322,-101.723,-0.219,37.009,38.967
243,11.5775,99.639,8.839,-99.418,-0.664,38.429,38.852,99.652,8.321,-101.724,-0.178,36.885,38.966
244,11.6187,99.639,8.839,-99.418,-0.664,38.174,38.852,99.647,8.32,-101.728,-0.144,36.761,38.964
245,11.6614,99.639,8.839,-99.418,-0.664,38.089,38.852,99.642,8.319,-101.736,-0.109,36.635,38.962
246,11.7038,99.639,8.839,-99.418,-0.664,37.919,38.852,99.635,8.32,-101.738,-0.072,36.494,38.961
247,11.7468,99.639,8.839,-99.418,-0.664,37.919,38.852,99.629,8.32,-101.745,-0.038,36.347,38.959
248,11.7896,99.639,8.839,-99.418,-0.664,37.665,38.852,99.619,8.32,-101.749,-0.005,36.215,38.958
249,11.8315,99.639,8.839,-99.418,-0.664,37.495,38.852,99.61,8.321,-101.756,0.035,36.091,38.956
250,11.8755,99.639,8.839,-99.418,-0.664,37.325,38.852,99.602,8.325,-101.766,0.072,35.937,38.955
251,11.9167,99.639,8.839,-99.418,-0.664,37.325,38.852,99.589,8.331,-101.778,0.122,35.813,38.955
252,11.9595,99.639,8.839,-99.418,-0.664,37.07,38.852,99.577,8.335,-101.779,0.166,35.665,38.955
253,12.0004,99.639,8.839,-99.418,-0.664,36.985,38.852,99.566,8.341,-101.787,0.208,35.527,38.954
254,12.0448,99.639,8.839,-99.418,-0.664,36.985,38.852,99.554,8.347,-101.803,0.256,35.409,38.953
255,12.0861,99.639,8.839,-99.418,-0.664,36.645,38.852,99.544,8.354,-101.811,0.309,35.285,38.952
256,12.1285,99.639,8.839,-99.418,-0.664,36.476,38.852,99.533,8.362,-101.826,0.363,35.174,38.952
257,12.1713,99.639,8.839,-99.418,-0.664,36.306,38.852,99.518,8.369,-101.83,0.414,35.03,38.951
258,12.2164,99.639,8.839,-99.418,-0.516,36.306,38.852,99.501,8.376,-101.849,0.456,34.925,38.95
259,12.2588,99.639,8.839,-99.418,-0.221,36.306,38.852,99.486,8.382,-101.861,0.506,34.808,38.949
260,12.3008,99.639,8.839,-99.418,0.074,36.136,38.852,99.47,8.39,-101.868,0.549,34.703,38.949
261,12.3449,99.639,8.839,-99.418,0.074,35.966,38.852,99.456,8.398,-101.871,0.6,34.598,38.949
262,12.3866,99.639,8.839,-99.418,0.074,35.966,38.852,99.444,8.408,-101.874,0.647,34.47,38.949
263,12.4292,99.639,8.839,-99.418,0.074,35.881,38.852,99.431,8.415,-101.874,0.69,34.363,38.948
264,12.4725,99.639,8.839,-99.418,0.074,35.626,38.852,99.419,8.426,-101.876,0.737,34.27,38.948
265,12.5152,99.639,8.839,-99.418,0.074,35.456,38.852,99.41,8.435,-101.883,0.784,34.177,38.948
266,12.5559,99.639,8.839,-99.418,0.074,35.372,38.852,99.397,8.445,-101.894,0.838,34.086,38.948
267,12.5978,99.639,8.839,-99.418,0.074,35.372,38.852,99.39,8.46,-101.893,0.897,33.971,38.948
268,12.6433,99.639,8.839,-99.418,0.074,35.372,38.852,99.376,8.472,-101.885,0.949,33.876,38.948
269,12.6846,99.639,8.839,-99.418,0.221,35.372,38.852,99.363,8.486,-101.881,1.005,33.787,38.948
270,12.7316,99.639,8.839,-99.418,0.516,35.032,38.852,99.351,8.503,-101.883,1.069,33.689,38.949
271,12.7766,99.639,8.839,-99.418,0.664,34.947,38.852,99.345,8.523,-101.878,1.141,33.592,38.95
272,12.8186,99.639,8.839,-99.418,0.664,34.947,38.852,99.335,8.542,-101.868,1.21,33.476,38.95
273,12.8622,99.639,8.839,-99.418,0.59,34.692,38.852,99.328,8.563,-101.855,1.278,33.366,38.952
274,12.9071,99.639,8.839,-99.418,0.737,34.692,38.852,99.322,8.588,-101.85,1.345,33.238,38.952
275,12.9514,99.639,8.839,-99.418,1.032,34.352,38.852,99.317,8.612,-101.856,1.404,33.119,38.953
276,12.995,99.639,8.839,-99.418,1.106,34.352,38.852,99.309,8.631,-101.855,1.458,32.976,38.953
277,13.0376,99.639,8.839,-99.418,1.032,34.352,38.852,99.3,8.651,-101.855,1.516,32.857,38.954
278,13.0829,99.639,8.839,-99.418,1.032,34.352,38.852,99.293,8.674,-101.849,1.571,32.718,38.954
279,13.125,99.639,8.839,-99.418,1.106,34.352,38.852,99.281,8.69,-101.836,1.63,32.604,38.955
280,13.1675,99.639,8.839,-99.418,1.106,34.183,38.852,99.275,8.715,-101.821,1.688,32.471,38.955
281,13.2118,99.639,8.839,-99.418,1.106,33.758,38.852,99.273,8.732,-101.807,1.738,32.341,38.956
282,13.2538,99.639,8.839,-99.418,1.106,33.673,38.852,99.273,8.751,-101.799,1.795,32.203,38.957
283,13.2965,99.639,8.839,-99.418,1.106,33.418,38.852,99.268,8.771,-101.784,1.849,32.098,38.957
284,13.3399,99.639,8.839,-99.418,1.106,33.333,38.852,99.267,8.789,-101.765,1.904,31.999,38.958
285,13.3835,99.639,8.839,-99.418,1.18,33.333,38.852,99.264,8.81,-101.749,1.957,31.926,38.959
286,13.4255,99.639,8.839,-99.418,1.475,33.248,38.852,99.264,8.831,-101.732,2.003,31.82,38.96
287,13.4672,99.639,8.839,-99.418,1.696,32.994,38.852,99.264,8.85,-101.724,2.048,31.731,38.961
288,13.5107,99.639,8.839,-99.418,1.696,32.994,38.852,99.264,8.871,-101.716,2.093,31.651,38.962
289,13.5519,99.639,8.839,-99.418,1.622,32.824,38.852,99.266,8.888,-101.694,2.136,31.577,38.963
290,13.5938,99.639,8.839,-99.418,1.622,32.654,38.852,99.262,8.909,-101.679,2.17,31.528,38.963
291,13.6356,99.639,8.839,-99.418,1.696,32.654,38.852,99.265,8.931,-101.67,2.211,31.478,38.964
292,13.678,99.639,8.839,-99.418,1.696,32.654,38.852,99.265,8.953,-101.658,2.249,31.407,38.965
293,13.7195,99.639,8.839,-99.418,1.622,32.654,38.852,99.269,8.973,-101.647,2.287,31.352,38.966
294,13.7602,99.639,8.839,-99.418,1.622,32.654,38.852,99.27,8.99,-101.623,2.313,31.329,38.966
295,13.8024,99.639,8.839,-99.418,1.77,32.569,38.852,99.274,9.008,-101.613,2.344,31.307,38.967
296,13.8465,99.639,8.839,-99.418,1.844,32.399,38.852,99.28,9.024,-101.603,2.368,31.274,38.968
297,13.8885,99.639,8.839,-99.418,1.991,32.399,38.852,99.283,9.033,-101.591,2.38,31.237,38.968
298,13.9313,99.639,8.839,-99.418,2.065,32.399,38.852,99.283,9.041,-101.574,2.391,31.209,38.969
299,13.9746,99.639,8.839,-99.418,2.065,32.399,38.852,99.288,9.052,-101.566,2.403,31.173,38.97
300,14.0225,99.639,8.839,-99.418,2.065,32.314,38.852,99.292,9.064,-101.546,2.413,31.127,38.971
301,14.0647,99.639,8.839,-99.418,2.065,32.314,38.852,99.291,9.067,-101.533,2.417,31.104,38.971
302,14.1093,99.639,8.839,-99.418,2.065,32.314,38.852,99.293,9.069,-101.524,2.424,31.097,38.971
303,14.1507,99.639,8.839,-99.418,2.065,32.314,38.852,99.298,9.067,-101.517,2.432,31.11,38.971
304,14.1916,99.639,8.839,-99.418,2.065,32.314,38.852,99.3,9.068,-101.505,2.437,31.092,38.972
305,14.2339,99.639,8.839,-99.418,2.065,32.314,38.852,99.3,9.074,-101.495,2.446,31.094,38.972
306,14.2779,99.639,8.839,-99.418,2.065,32.314,38.852,99.304,9.077,-101.489,2.444,31.088,38.972
307,14.3198,99.639,8.839,-99.418,2.065,32.314,38.852,99.305,9.079,-101.483,2.446,31.081,38.972
308,14.3625,99.639,8.839,-99.418,2.065,32.314,38.852,99.306,9.079,-101.471,2.445,31.087,38.972
309,14.4049,99.639,8.839,-99.418,2.065,32.314,38.852,99.307,9.076,-101.467,2.442,31.085,38.972
310,14.4502,99.639,8.839,-99.418,2.065,32.314,38.852,99.308,9.073,-101.461,2.445,31.087,38.972
311,14.4922,99.639,8.839,-99.418,2.065,32.314,38.852,99.316,9.083,-101.455,2.449,31.089,38.972
312,14.534,99.639,8.839,-99.418,2.065,32.314,38.852,99.315,9.081,-101.448,2.446,31.101,38.972
313,14.5782,99.639,8.839,-99.418,2.065,32.314,38.852,99.319,9.075,-101.454,2.442,31.111,38.972
314,14.6198,99.639,8.839,-99.418,2.065,32.314,38.852,99.322,9.077,-101.446,2.442,31.112,38.972
315,14.6619,99.639,8.839,-99.418,2.065,32.314,38.852,99.326,9.069,-101.447,2.449,31.12,38.972
316,14.704,99.639,8.839,-99.418,2.065,32.314,38.852,99.33,9.07,-101.433,2.446,31.121,38.972
317,14.7484,99.639,8.839,-99.418,2.065,32.314,38.852,99.331,9.069,-101.43,2.44,31.145,38.972
318,14.792,99.639,8.839,-99.418,2.065,32.314,38.852,99.33,9.068,-101.421,2.439,31.153,38.972
319,14.8339,99.639,8.839,-99.418,2.065,32.314,38.852,99.333,9.066,-101.423,2.435,31.183,38.972
320,14.8782,99.639,8.839,-99.418,2.065,32.314,38.852,99.336,9.067,-101.429,2.432,31.204,38.972
321,14.9199,99.639,8.839,-99.418,2.065,32.314,38.852,99.335,9.07,-101.423,2.427,31.212,38.972
322,14.9628,99.639,8.839,-99.418,2.065,32.314,38.852,99.336,9.065,-101.419,2.424,31.233,38.972
323,15.0044,99.639,8.839,-99.418,2.065,32.314,38.852,99.34,9.064,-101.416,2.425,31.253,38.971
324,15.048,99.639,8.839,-99.418,2.065,32.314,38.852,99.336,9.059,-101.412,2.424,31.28,38.971
325,15.0904,99.639,8.839,-99.418,2.065,32.314,38.852,99.34,9.057,-101.415,2.425,31.308,38.971
326,15.1342,99.639,8.839,-99.418,2.065,32.314,38.852,99.339,9.058,-101.412,2.417,31.333,38.971
327,15.1788,99.639,8.839,-99.418,2.065,32.314,38.852,99.339,9.058,-101.408,2.415,31.342,38.97
328,15.2206,99.639,8.839,-99.418,2.065,32.314,38.852,99.34,9.056,-101.399,2.409,31.353,38.97
329,15.2634,99.639,8.839,-99.418,2.065,32.314,38.852,99.341,9.057,-101.395,2.404,31.361,38.97
330,15.3117,99.639,8.839,-99.418,2.065,32.314,38.852,99.34,9.052,-101.397,2.4,31.405,38.97
331,15.3537,99.639,8.839,-99.418,2.065,32.314,38.852,99.338,9.052,-101.378,2.396,31.418,38.969
332,15.397,99.639,8.839,-99.418,2.065,32.314,38.852,99.339,9.056,-101.377,2.391,31.441,38.969
333,15.4398,99.639,8.839,-99.418,2.065,32.314,38.852,99.339,9.052,-101.378,2.388,31.483,38.969
334,15.4842,99.639,8.839,-99.418,2.065,32.314,38.852,99.336,9.047,-101.36,2.383,31.515,38.968
335,15.5252,99.639,8.839,-99.418,2.065,32.314,38.852,99.336,9.04,-101.359,2.382,31.547,38.968
336,15.5673,99.639,8.839,-99.418,2.065,32.314,38.852,99.337,9.042,-101.358,2.381,31.57,38.968
337,15.6114,99.639,8.839,-99.418,2.065,32.314,38.852,99.332,9.042,-101.351,2.374,31.605,38.967
338,15.6526,99.639,8.839,-99.418,2.065,32.314,38.852,99.331,9.033,-101.35,2.37,31.633,38.967
339,15.6954,99.639,8.839,-99.418,2.065,32.314,38.852,99.33,9.03,-101.342,2.365,31.657,38.966
340,15.7372,99.639,8.839,-99.418,2.065,32.314,38.852,99.329,9.022,-101.337,2.359,31.68,38.966
341,15.7816,99.639,8.839,-99.418,2.065,32.314,38.852,99.329,9.02,-101.334,2.355,31.718,38.966
342,15.8226,99.639,8.839,-99.418,2.065,32.314,38.852,99.326,9.022,-101.329,2.354,31.745,38.965
343,15.8644,99.639,8.839,-99.418,2.065,32.314,38.852,99.325,9.018,-101.32,2.354,31.777,38.965
344,15.9071,99.639,8.839,-99.418,2.065,32.314,38.852,99.324,9.017,-101.317,2.349,31.801,38.965
345,15.9521,99.639,8.839,-99.418,2.065,32.314,38.852,99.324,9.01,-101.306,2.342,31.84,38.964
346,15.9925,99.639,8.839,-99.418,2.065,32.314,38.852,99.32,9.003,-101.306,2.334,31.86,38.964
347,16.0339,99.639,8.839,-99.418,2.065,32.314,38.852,99.321,8.998,-101.303,2.328,31.887,38.963
348,16.0786,99.639,8.839,-99.418,2.065,32.314,38.852,99.322,9.002,-101.297,2.323,31.9,38.962
349,16.1199,99.639,8.839,-99.418,2.065,32.314,38.852,99.318,8.994,-101.301,2.318,31.948,38.962
350,16.1628,99.639,8.839,-99.418,2.065,32.314,38.852,99.316,8.988,-101.299,2.314,31.981,38.961
351,16.2052,99.639,8.839,-99.418,2.065,32.314,38.852,99.317,8.984,-101.297,2.309,32.012,38.961
352,16.2489,99.639,8.839,-99.418,2.065,32.314,38.852,99.316,8.988,-101.294,2.304,32.039,38.961
353,16.2899,99.639,8.839,-99.418,2.065,32.314,38.852,99.313,8.987,-101.287,2.298,32.098,38.96
354,16.3345,99.639,8.839,-99.418,2.065,32.314,38.852,99.312,8.977,-101.286,2.291,32.149,38.959
355,16.3783,99.639,8.839,-99.418,2.065,32.314,38.852,99.311,8.977,-101.277,2.287,32.182,38.959
356,16.4195,99.639,8.839,-99.418,2.065,32.314,38.852,99.309,8.975,-101.272,2.278,32.221,38.958
357,16.4599,99.639,8.839,-99.418,2.065,32.314,38.852,99.306,8.978,-101.267,2.272,32.257,38.958
358,16.5023,99.639,8.839,-99.418,2.065,32.314,38.852,99.307,8.971,-101.27,2.269,32.3,38.957
359,16.546,99.639,8.839,-99.418,2.065,32.314,38.852,99.307,8.966,-101.272,2.262,32.338,38.957
360,16.592,99.639,8.839,-99.418,2.065,32.314,38.852,99.305,8.96,-101.266,2.254,32.363,38.956
361,16.6362,99.639,8.839,-99.418,2.065,32.399,38.852,99.304,8.965,-101.255,2.25,32.368,38.956
362,16.6805,99.639,8.839,-99.418,2.065,32.399,38.852,99.304,8.961,-101.252,2.247,32.405,38.955
363,16.7228,99.639,8.839,-99.418,2.065,32.399,38.852,99.299,8.964,-101.248,2.243,32.453,38.955
364,16.7656,99.639,8.839,-99.418,2.065,32.399,38.852,99.302,8.96,-101.25,2.234,32.489,38.954
365,16.8088,99.639,8.839,-99.418,2.065,32.399,38.852,99.296,8.953,-101.244,2.223,32.54,38.953
366,16.8515,99.639,8.839,-99.418,2.065,32.399,38.852,99.295,8.946,-101.239,2.219,32.581,38.953
367,16.8919,99.639,8.839,-99.418,2.065,32.399,38.852,99.292,8.944,-101.232,2.212,32.618,38.952
368,16.9339,99.639,8.839,-99.418,2.065,32.399,38.852,99.289,8.945,-101.224,2.207,32.664,38.952
369,16.9781,99.639,8.839,-99.418,2.065,32.399,38.852,99.29,8.941,-101.225,2.203,32.694,38.951
370,17.0207,99.639,8.839,-99.418,2.065,32.399,38.852,99.289,8.937,-101.212,2.201,32.734,38.95
371,17.0631,99.639,8.839,-99.418,2.065,32.399,38.852,99.288,8.926,-101.219,2.197,32.784,38.95
372,17.1044,99.639,8.839,-99.418,2.065,32.399,38.852,99.286,8.926,-101.219,2.195,32.801,38.949
373,17.1479,99.639,8.839,-99.418,2.065,32.399,38.852,99.29,8.927,-101.215,2.191,32.823,38.948
374,17.1891,99.639,8.839,-99.418,2.065,32.399,38.852,99.287,8.923,-101.211,2.192,32.858,38.947
375,17.2319,99.639,8.839,-99.418,2.065,32.399,38.852,99.283,8.913,-101.202,2.192,32.884,38.946
376,17.2744,99.639,8.839,-99.418,2.065,32.399,38.852,99.278,8.911,-101.186,2.19,32.913,38.946
377,17.3179,99.639,8.839,-99.418,2.065,32.399,38.852,99.273,8.904,-101.18,2.186,32.961,38.945
378,17.3599,99.639,8.839,-99.418,2.065,32.399,38.852,99.27,8.898,-101.168,2.178,32.992,38.944
379,17.4019,99.639,8.839,-99.418,2.065,32.399,38.852,99.265,8.9,-101.154,2.173,33.016,38.944
380,17.4484,99.639,8.839,-99.418,2.065,32.399,38.852,99.263,8.897,-101.144,2.168,33.045,38.943
381,17.4906,99.639,8.839,-99.418,2.065,32.484,38.852,99.262,8.896,-101.15,2.165,33.084,38.943
382,17.536,99.639,8.839,-99.418,2.065,32.739,38.852,99.259,8.892,-101.136,2.16,33.115,38.942
383,17.5807,99.639,8.839,-99.418,2.065,32.909,38.852,99.259,8.889,-101.138,2.156,33.156,38.941
384,17.6226,99.639,8.839,-99.418,2.065,32.909,38.852,99.259,8.886,-101.138,2.145,33.195,38.94
385,17.6654,99.639,8.839,-99.418,2.065,32.909,38.852,99.26,8.885,-101.145,2.144,33.226,38.939
386,17.7073,99.639,8.839,-99.418,2.065,32.909,38.852,99.26,8.881,-101.148,2.14,33.263,38.939
387,17.7515,99.639,8.839,-99.418,2.065,33.079,38.852,99.258,8.877,-101.148,2.134,33.3,38.938
388,17.7935,99.639,8.839,-99.418,2.065,33.079,38.852,99.255,8.873,-101.141,2.129,33.341,38.937
389,17.8354,99.639,8.839,-99.418,2.065,33.079,38.852,99.249,8.874,-101.138,2.124,33.37,38.937
390,17.8847,99.639,8.839,-99.418,2.065,33.079,38.852,99.247,8.872,-101.143,2.123,33.402,38.936
391,17.9265,99.639,8.839,-99.418,2.065,33.079,38.852,99.244,8.864,-101.141,2.117,33.433,38.935
392,17.9706,99.639,8.839,-99.418,2.065,33.079,38.852,99.239,8.863,-101.139,2.112,33.463,38.935
393,18.0163,99.639,8.839,-99.418,2.065,33.079,38.852,99.236,8.857,-101.137,2.11,33.501,38.934
394,18.0598,99.639,8.839,-99.418,2.065,33.248,38.852,99.23,8.853,-101.132,2.106,33.54,38.934
395,18.1019,99.639,8.839,-99.418,2.065,33.248,38.852,99.225,8.853,-101.125,2.102,33.571,38.933
396,18.1459,99.639,8.839,-99.418,2.065,33.418,38.852,99.222,8.854,-101.128,2.099,33.608,38.933
397,18.1879,99.639,8.839,-99.418,2.065,33.418,38.852,99.226,8.858,-101.131,2.099,33.611,38.932
398,18.2296,99.639,8.839,-99.418,2.065,33.418,38.852,99.222,8.854,-101.142,2.104,33.61,38.932
399,18.2716,99.639,8.839,-99.418,2.065,33.418,38.852,99.22,8.855,-101.149,2.105,33.618,38.932
400,18.315,99.639,8.839,-99.418,2.065,33.418,38.852,99.218,8.861,-101.15,2.107,33.615,38.932
401,18.3561,99.639,8.839,-99.418,2.065,33.418,38.852,99.213,8.86,-101.164,2.109,33.631,38.932
402,18.3986,99.639,8.839,-99.418,2.065,33.418,38.852,99.214,8.859,-101.169,2.111,33.628,38.932
403,18.4408,99.639,8.839,-99.418,2.065,33.418,38.852,99.213,8.861,-101.165,2.112,33.611,38.932
404,18.4842,99.639,8.839,-99.418,2.065,33.418,38.852,99.209,8.86,-101.172,2.115,33.618,38.932
405,18.5263,99.639,8.839,-99.418,2.065,33.418,38.852,99.207,8.859,-101.165,2.12,33.613,38.932
406,18.57,99.639,8.839,-99.418,2.065,33.418,38.852,99.207,8.853,-101.16,2.125,33.62,38.932
407,18.6147,99.639,8.839,-99.418,2.065,33.418,38.852,99.208,8.852,-101.17,2.13,33.608,38.932
408,18.6559,99.639,8.839,-99.418,2.065,33.418,38.852,99.207,8.853,-101.172,2.133,33.597,38.932
409,18.698,99.639,8.839,-99.418,2.065,33.418,38.852,99.205,8.848,-101.175,2.135,33.596,38.932
410,18.7397,99.639,8.839,-99.418,2.065,33.418,38.852,99.2,8.846,-101.173,2.137,33.583,38.932
411,18.7837,99.639,8.839,-99.418,2.065,33.418,38.852,99.198,8.846,-101.17,2.14,33.558,38.932
412,18.8267,99.639,8.839,-99.418,2.065,33.418,38.852,99.2,8.846,-101.175,2.147,33.545,38.932
413,18.8689,99.639,8.839,-99.418,2.065,33.418,38.852,99.197,8.844,-101.177,2.148,33.544,38.932
414,18.9129,99.639,8.839,-99.418,2.065,33.418,38.852,99.194,8.839,-101.188,2.15,33.547,38.932
415,18.9555,99.639,8.839,-99.418,2.065,33.418,38.852,99.193,8.842,-101.19,2.157,33.549,38.932
416,18.999,99.639,8.839,-99.418,2.065,33.418,38.852,99.192,8.844,-101.193,2.161,33.519,38.932
417,19.041,99.639,8.839,-99.418,2.065,33.418,38.852,99.191,8.842,-101.192,2.162,33.504,38.932
418,19.0849,99.639,8.839,-99.418,2.065,33.418,38.852,99.191,8.838,-101.194,2.164,33.508,38.932
419,19.1273,99.639,8.839,-99.418,2.065,33.418,38.852,99.191,8.836,-101.194,2.17,33.507,38.932
420,19.1797,99.639,8.839,-99.418,2.065,33.418,38.852,99.19,8.834,-101.202,2.176,33.493,38.932
421,19.2231,99.639,8.839,-99.418,2.065,33.418,38.852,99.189,8.833,-101.202,2.181,33.491,38.932
422,19.265,99.639,8.839,-99.418,2.065,33.418,38.852,99.186,8.834,-101.202,2.181,33.484,38.932
423,19.3065,99.639,8.839,-99.418,2.065,33.418,38.852,99.183,8.831,-101.204,2.181,33.472,38.932
424,19.3504,99.639,8.839,-99.418,2.065,33.418,38.852,99.182,8.826,-101.205,2.18,33.455,38.933
425,19.3925,99.639,8.839,-99.418,2.065,33.418,38.852,99.181,8.831,-101.201,2.185,33.442,38.933
426,19.4344,99.639,8.839,-99.418,2.065,33.418,38.852,99.179,8.827,-101.207,2.189,33.428,38.933
427,19.4786,99.639,8.839,-99.418,2.065,33.418,38.852,99.177,8.821,-101.208,2.19,33.413,38.933
428,19.5214,99.639,8.839,-99.418,2.065,33.418,38.852,99.173,8.821,-101.208,2.194,33.404,38.933
429,19.5644,99.639,8.839,-99.418,2.065,33.418,38.852,99.175,8.821,-101.213,2.201,33.38,38.933
430,19.6059,99.639,8.839,-99.418,2.065,33.418,38.852,99.176,8.818,-101.217,2.206,33.352,38.933
431,19.6493,99.639,8.839,-99.418,2.065,33.418,38.852,99.176,8.816,-101.219,2.214,33.34,38.933
432,19.6914,99.639,8.839,-99.418,2.065,33.418,38.852,99.177,8.817,-101.219,2.216,33.331,38.934
433,19.7334,99.639,8.839,-99.418,2.065,33.418,38.852,99.176,8.815,-101.219,2.222,33.299,38.934
434,19.7758,99.639,8.839,-99.418,2.065,33.418,38.852,99.178,8.814,-101.222,2.226,33.291,38.934
435,19.8195,99.639,8.839,-99.418,2.065,33.418,38.852,99.176,8.816,-101.223,2.232,33.278,38.934
436,19.8615,99.639,8.839,-99.418,2.065,33.418,38.852,99.181,8.817,-101.223,2.242,33.261,38.934
437,19.905,99.639,8.839,-99.418,2.065,33.418,38.852,99.18,8.819,-101.226,2.247,33.261,38.935
438,19.9502,99.639,8.839,-99.418,2.065,33.418,38.852,99.182,8.82,-101.239,2.253,33.243,38.935
439,19.9929,99.639,8.839,-99.418,2.065,33.418,38.852,99.182,8.819,-101.241,2.257,33.212,38.935
440,20.0357,99.639,8.839,-99.418,2.065,33.418,38.852,99.184,8.822,-101.249,2.262,33.202,38.936
441,20.08,99.639,8.839,-99.418,2.065,33.418,38.852,99.182,8.825,-101.254,2.27,33.18,38.936
442,20.1235,99.639,8.839,-99.418,2.065,33.418,38.852,99.182,8.825,-101.258,2.277,33.159,38.937
443,20.1672,99.639,8.839,-99.418,2.065,33.418,38.852,99.18,8.827,-101.25,2.284,33.14,38.937
444,20.2097,99.639,8.839,-99.418,2.065,33.418,38.852,99.18,8.828,-101.254,2.289,33.129,38.937
445,20.2539,99.639,8.839,-99.418,2.065,33.418,38.852,99.18,8.831,-101.261,2.295,33.106,38.938
446,20.2959,99.639,8.839,-99.418,2.065,33.418,38.852,99.18,8.834,-101.255,2.305,33.076,38.938
447,20.3368,99.639,8.839,-99.418,2.065,33.418,38.852,99.177,8.835,-101.257,2.312,33.052,38.938
448,20.3821,99.639,8.839,-99.418,2.065,33.418,38.852,99.179,8.839,-101.261,2.319,33.029,38.939
449,20.424,99.639,8.839,-99.418,2.065,33.418,38.852,99.181,8.838,-101.264,2.324,33.006,38.939
450,20.47,99.639,8.839,-99.418,2.065,33.418,38.852,99.182,8.838,-101.272,2.333,32.986,38.94
451,20.515,99.639,8.839,-99.418,2.065,33.418,38.852,99.183,8.842,-101.273,2.346,32.958,38.94
452,20.5562,99.639,8.839,-99.418,2.065,33.418,38.852,99.183,8.836,-101.277,2.35,32.952,38.94
453,20.5982,99.639,8.839,-99.418,2.065,33.418,38.852,99.183,8.839,-101.284,2.351,32.94,38.94
454,20.6407,99.639,8.839,-99.418,2.065,33.418,38.852,99.184,8.843,-101.292,2.362,32.908,38.941
455,20.6843,99.639,8.839,-99.418,2.065,33.418,38.852,99.183,8.842,-101.294,2.364,32.88,38.941
456,20.7252,99.639,8.839,-99.418,2.065,33.418,38.852,99.184,8.843,-101.301,2.371,32.849,38.942
457,20.7689,99.639,8.839,-99.418,2.065,33.418,38.852,99.183,8.843,-101.306,2.377,32.841,38.942
458,20.8133,99.639,8.839,-99.418,2.065,33.418,38.852,99.183,8.843,-101.309,2.383,32.82,38.942
459,20.857,99.639,8.839,-99.418,2.065,33.418,38.852,99.181,8.842,-101.32,2.385,32.789,38.943
460,20.8989,99.639,8.839,-99.418,2.065,33.418,38.852,99.182,8.842,-101.319,2.391,32.78,38.943
461,20.9406,99.639,8.839,-99.418,2.065,33.418,38.852,99.184,8.844,-101.325,2.397,32.749,38.943
462,20.9842,99.639,8.839,-99.418,2.065,33.418,38.852,99.187,8.848,-101.339,2.402,32.722,38.943
463,21.026,99.639,8.839,-99.418,2.065,33.418,38.852,99.186,8.847,-101.34,2.401,32.707,38.944
464,21.0688,99.639,8.839,-99.418,2.065,33.418,38.852,99.186,8.847,-101.339,2.401,32.677,38.944
465,21.1129,99.639,8.839,-99.418,2.065,33.418,38.852,99.188,8.844,-101.347,2.404,32.657,38.944
466,21.1566,99.639,8.839,-99.418,2.065,33.418,38.852,99.193,8.847,-101.351,2.413,32.619,38.945
467,21.2,99.639,8.839,-99.418,2.065,33.418,38.852,99.194,8.845,-101.352,2.418,32.628,38.945
468,21.2419,99.639,8.839,-99.418,2.065,33.418,38.852,99.196,8.847,-101.355,2.422,32.6,38.945
469,21.2856,99.639,8.839,-99.418,2.065,33.418,38.852,99.199,8.851,-101.361,2.426,32.576,38.945
470,21.3276,99.639,8.839,-99.418,2.065,33.418,38.852,99.199,8.847,-101.361,2.428,32.574,38.945
471,21.3711,99.639,8.839,-99.418,2.065,33.418,38.852,99.2,8.853,-101.368,2.438,32.542,38.946
472,21.4152,99.639,8.839,-99.418,2.065,33.418,38.852,99.204,8.852,-101.376,2.438,32.52,38.946
473,21.458,99.639,8.839,-99.418,2.065,33.418,38.852,99.207,8.854,-101.383,2.44,32.507,38.946
474,21.499,99.639,8.839,-99.418,2.065,33.418,38.852,99.207,8.858,-101.387,2.444,32.499,38.947
475,21.5401,99.639,8.839,-99.418,2.065,33.418,38.852,99.206,8.855,-101.386,2.447,32.488,38.947
476,21.5837,99.639,8.839,-99.418,2.065,33.418,38.852,99.209,8.856,-101.39,2.449,32.457,38.948
477,21.6247,99.639,8.839,-99.418,2.065,33.418,38.852,99.214,8.863,-101.397,2.46,32.447,38.948
478,21.6658,99.639,8.839,-99.418,2.065,33.418,38.852,99.217,8.865,-101.406,2.467,32.421,38.948
479,21.7075,99.639,8.839,-99.418,2.065,33.418,38.852,99.218,8.865,-101.413,2.473,32.399,38.949
480,21.7562,99.639,8.839,-99.418,2.065,33.418,38.852,99.221,8.867,-101.417,2.479,32.376,38.949
481,21.7965,99.639,8.839,-99.418,2.065,33.418,38.852,99.22,8.866,-101.428,2.483,32.373,38.949
482,21.8381,99.639,8.839,-99.418,2.065,33.418,38.852,99.221,8.866,-101.436,2.489,32.376,38.95
483,21.8824,99.639,8.839,-99.418,2.065,33.418,38.852,99.221,8.866,-101.426,2.491,32.374,38.95
484,21.9238,99.639,8.839,-99.418,2.065,33.418,38.852,99.221,8.87,-101.429,2.496,32.38,38.949
485,21.9647,99.639,8.839,-99.418,2.065,33.418,38.852,99.219,8.871,-101.425,2.498,32.375,38.949
486,22.0072,99.639,8.839,-99.418,2.065,33.418,38.852,99.22,8.87,-101.425,2.497,32.374,38.949
487,22.051,99.639,8.839,-99.418,2.065,33.418,38.852,99.22,8.868,-101.421,2.492,32.368,38.949
488,22.092,99.639,8.839,-99.418,2.065,33.418,38.852,99.22,8.872,-101.418,2.49,32.356,38.95
489,22.1355,99.639,8.839,-99.418,2.065,33.418,38.852,99.22,8.875,-101.423,2.491,32.358,38.95
490,22.1782,99.639,8.839,-99.418,2.065,33.418,38.852,99.223,8.875,-101.425,2.495,32.346,38.95
491,22.2232,99.639,8.839,-99.418,2.065,33.418,38.852,99.224,8.877,-101.42,2.494,32.35,38.95
492,22.2645,99.639,8.839,-99.418,2.065,33.418,38.852,99.221,8.882,-101.432,2.494,32.355,38.95
493,22.3063,99.639,8.839,-99.418,2.065,33.418,38.852,99.224,8.882,-101.441,2.492,32.36,38.95
494,22.3498,99.639,8.839,-99.418,2.065,33.418,38.852,99.224,8.883,-101.434,2.493,32.352,38.95
495,22.3926,99.639,8.839,-99.418,2.065,33.418,38.852,99.224,8.88,-101.431,2.498,32.356,38.95
496,22.4363,99.639,8.839,-99.418,2.065,33.418,38.852,99.225,8.88,-101.435,2.498,32.361,38.95
497,22.4813,99.639,8.839,-99.418,2.065,33.418,38.852,99.223,8.878,-101.428,2.5,32.372,38.95
498,22.5249,99.639,8.839,-99.418,2.065,33.418,38.852,99.222,8.872,-101.433,2.498,32.369,38.95
499,22.5681,99.639,8.839,-99.418,2.065,33.418,38.852,99.218,8.872,-101.419,2.494,32.375,38.95
500,22.611,99.639,8.839,-99.418,2.065,33.418,38.852,99.216,8.87,-101.417,2.494,32.387,38.95
501,22.6552,99.639,8.839,-99.418,2.065,33.418,38.852,99.216,8.863,-101.417,2.497,32.385,38.95
502,22.6973,99.639,8.839,-99.418,2.065,33.418,38.852,99.218,8.868,-101.416,2.5,32.372,38.95
503,22.7391,99.639,8.839,-99.418,2.065,33.418,38.852,99.22,8.862,-101.418,2.499,32.387,38.95
504,22.7834,99.639,8.839,-99.418,2.065,33.418,38.852,99.22,8.863,-101.413,2.499,32.385,38.95
505,22.8247,99.639,8.839,-99.418,2.065,33.418,38.852,99.221,8.869,-101.417,2.5,32.391,38.95
506,22.8679,99.639,8.839,-99.418,2.065,33.418,38.852,99.218,8.868,-101.411,2.496,32.381,38.95
507,22.9108,99.639,8.839,-99.418,2.065,33.418,38.852,99.218,8.868,-101.401,2.498,32.372,38.951
508,22.9543,99.639,8.839,-99.418,2.065,33.418,38.852,99.218,8.867,-101.403,2.498,32.376,38.951
509,22.9959,99.639,8.839,-99.418,2.065,33.418,38.852,99.221,8.866,-101.399,2.498,32.375,38.951
510,23.042,99.639,8.839,-99.418,2.065,33.418,38.852,99.221,8.865,-101.399,2.501,32.379,38.951
511,23.0859,99.639,8.839,-99.418,2.065,33.418,38.852,99.22,8.867,-101.396,2.501,32.395,38.951
512,23.1268,99.639,8.839,-99.418,2.065,33.418,38.852,99.219,8.864,-101.393,2.497,32.377,38.95
513,23.169,99.639,8.839,-99.418,2.065,33.418,38.852,99.219,8.867,-101.4,2.502,32.38,38.95
514,23.2106,99.639,8.839,-99.418,2.065,33.418,38.852,99.217,8.864,-101.396,2.501,32.383,38.95
515,23.2542,99.639,8.839,-99.418,2.065,33.418,38.852,99.218,8.858,-101.394,2.499,32.384,38.95
516,23.2963,99.639,8.839,-99.418,2.065,33.418,38.852,99.219,8.859,-101.394,2.499,32.392,38.95
517,23.3381,99.639,8.839,-99.418,2.065,33.418,38.852,99.22,8.861,-101.394,2.497,32.377,38.95
518,23.3829,99.639,8.839,-99.418,2.065,33.418,38.852,99.217,8.859,-101.392,2.498,32.386,38.95
519,23.4243,99.639,8.839,-99.418,2.065,33.418,38.852,99.217,8.857,-101.389,2.496,32.389,38.95
520,23.4652,99.639,8.839,-99.418,2.065,33.418,38.852,99.216,8.858,-101.382,2.495,32.382,38.95
521,23.5062,99.639,8.839,-99.418,2.065,33.418,38.852,99.213,8.854,-101.38,2.495,32.391,38.95
522,23.5504,99.639,8.839,-99.418,2.065,33.418,38.852,99.213,8.851,-101.383,2.494,32.393,38.95
523,23.5917,99.639,8.839,-99.418,2.065,33.418,38.852,99.216,8.848,-101.381,2.492,32.38,38.95
524,23.6321,99.639,8.839,-99.418,2.065,33.418,38.852,99.22,8.851,-101.375,2.492,32.352,38.95
525,23.6742,99.639,8.839,-99.418,2.065,33.418,38.852,99.222,8.852,-101.372,2.493,32.362,38.95
526,23.7181,99.639,8.839,-99.418,2.065,33.418,38.852,99.223,8.85,-101.375,2.491,32.361,38.95
527,23.7601,99.639,8.839,-99.418,2.065,33.418,38.852,99.226,8.853,-101.367,2.488,32.362,38.95
528,23.8031,99.639,8.839,-99.418,2.065,33.418,38.852,99.224,8.855,-101.371,2.488,32.364,38.95
529,23.8455,99.639,8.839,-99.418,2.065,33.418,38.852,99.223,8.856,-101.367,2.486,32.36,38.95
530,23.8891,99.639,8.839,-99.418,2.065,33.418,38.852,99.218,8.857,-101.369,2.482,32.366,38.95
531,23.93,99.639,8.839,-99.418,2.065,33.418,38.852,99.217,8.859,-101.37,2.48,32.351,38.95
532,23.9736,99.639,8.839,-99.418,2.065,33.418,38.852,99.221,8.86,-101.378,2.477,32.332,38.95
533,24.0186,99.639,8.839,-99.418,2.065,33.418,38.852,99.22,8.863,-101.38,2.476,32.346,38.95
534,24.0599,99.639,8.839,-99.418,2.065,33.418,38.852,99.221,8.863,-101.376,2.475,32.347,38.95
535,24.1035,99.639,8.839,-99.418,2.065,33.418,38.852,99.22,8.866,-101.372,2.472,32.344,38.95
536,24.1453,99.639,8.839,-99.418,2.065,33.418,38.852,99.22,8.866,-101.373,2.468,32.325,38.95
537,24.1895,99.639,8.839,-99.418,2.065,33.418,38.852,99.22,8.863,-101.37,2.469,32.324,38.95
538,24.2307,99.639,8.839,-99.418,2.065,33.418,38.852,99.221,8.862,-101.373,2.469,32.319,38.95
539,24.2724,99.639,8.839,-99.418,2.065,33.418,38.852,99.222,8.863,-101.371,2.468,32.338,38.95
540,24.325,99.639,8.839,-99.418,2.065,33.418,38.852,99.224,8.864,-101.372,2.465,32.319,38.95
541,24.3655,99.639,8.839,-99.418,2.065,33.418,38.852,99.224,8.861,-101.373,2.467,32.313,38.95
542,24.4073,99.639,8.839,-99.418,2.065,33.418,38.852,99.226,8.867,-101.373,2.471,32.312,38.95
543,24.4515,99.639,8.839,-99.418,2.065,33.418,38.852,99.226,8.866,-101.375,2.474,32.319,38.95
544,24.4935,99.639,8.839,-99.418,2.065,33.418,38.852,99.223,8.866,-101.385,2.472,32.323,38.951
545,24.5347,99.639,8.839,-99.418,2.065,33.418,38.852,99.221,8.871,-101.381,2.472,32.332,38.951
546,24.577,99.639,8.839,-99.418,2.065,33.418,38.852,99.224,8.871,-101.39,2.477,32.332,38.951
547,24.6207,99.639,8.839,-99.418,2.065,33.418,38.852,99.223,8.872,-101.39,2.475,32.335,38.951
548,24.6619,99.639,8.839,-99.418,2.065,33.418,38.852,99.223,8.874,-101.384,2.472,32.333,38.951
549,24.7045,99.639,8.839,-99.418,2.065,33.418,38.852,99.223,8.87,-101.387,2.472,32.347,38.951
550,24.7481,99.639,8.839,-99.418,2.065,33.418,38.852,99.217,8.872,-101.386,2.468,32.367,38.951
551,24.7931,99.639,8.839,-99.418,2.065,33.418,38.852,99.22,8.873,-101.384,2.464,32.356,38.951
552,24.8344,99.639,8.839,-99.418,2.065,33.418,38.852,99.22,8.875,-101.392,2.463,32.351,38.951
553,24.8772,99.639,8.839,-99.418,2.065,33.418,38.852,99.22,8.876,-101.392,2.463,32.344,38.951
554,24.9213,99.639,8.839,-99.418,2.065,33.418,38.852,99.22,8.875,-101.401,2.46,32.358,38.951
555,24.9624,99.639,8.839,-99.418,2.065,33.418,38.852,99.221,8.878,-101.404,2.459,32.333,38.951
556,25.0069,99.639,8.839,-99.418,2.065,33.418,38.852,99.219,8.877,-101.398,2.457,32.34,38.951
557,25.0528,99.639,8.839,-99.418,2.065,33.418,38.852,99.215,8.874,-101.386,2.46,32.347,38.951
558,25.0946,99.639,8.839,-99.418,2.065,33.418,38.852,99.217,8.875,-101.394,2.46,32.355,38.951
559,25.1377,99.639,8.839,-99.418,2.065,33.418,38.852,99.215,8.874,-101.387,2.456,32.351,38.951
560,25.1817,99.639,8.839,-99.418,2.065,33.418,38.852,99.216,8.871,-101.388,2.456,32.365,38.95
561,25.2264,99.639,8.839,-99.418,2.065,33.418,38.852,99.219,8.872,-101.395,2.454,32.368,38.95
562,25.2683,99.639,8.839,-99.418,2.065,33.418,38.852,99.219,8.872,-101.403,2.447,32.355,38.95
563,25.31,99.639,8.839,-99.418,2.065,33.418,38.852,99.222,8.874,-101.403,2.449,32.346,38.95
564,25.3541,99.639,8.839,-99.418,2.065,33.418,38.852,99.221,8.875,-101.393,2.449,32.351,38.95
565,25.3953,99.639,8.839,-99.418,2.065,33.418,38.852,99.219,8.878,-101.406,2.448,32.366,38.95
566,25.438,99.639,8.839,-99.418,2.065,33.418,38.852,99.223,8.876,-101.407,2.454,32.359,38.95
567,25.4806,99.639,8.839,-99.418,2.065,33.418,38.852,99.221,8.876,-101.409,2.448,32.347,38.95
568,25.5241,99.639,8.839,-99.418,2.065,33.418,38.852,99.223,8.876,-101.416,2.447,32.337,38.95
569,25.5647,99.639,8.839,-99.418,2.065,33.418,38.852,99.224,8.877,-101.415,2.448,32.331,38.95
570,25.6113,99.639,8.839,-99.418,2.065,33.418,38.852,99.223,8.874,-101.419,2.443,32.34,38.95
571,25.6545,99.639,8.839,-99.418,2.065,33.418,38.852,99.222,8.87,-101.421,2.441,32.351,38.95
572,25.6961,99.639,8.839,-99.418,2.065,33.418,38.852,99.223,8.87,-101.424,2.439,32.349,38.95
573,25.7413,99.639,8.839,-99.418,2.065,33.418,38.852,99.219,8.869,-101.422,2.436,32.341,38.95
574,25.7872,99.639,8.839,-99.418,2.065,33.418,38.852,99.217,8.866,-101.424,2.439,32.355,38.95
575,25.8298,99.639,8.839,-99.418,2.065,33.418,38.852,99.222,8.87,-101.43,2.444,32.329,38.95
576,25.8746,99.639,8.839,-99.418,2.065,33.418,38.852,99.222,8.875,-101.435,2.448,32.328,38.95
577,25.9217,99.639,8.839,-99.418,2.065,33.418,38.852,99.223,8.873,-101.435,2.448,32.328,38.95
578,25.9645,99.639,8.839,-99.418,2.065,33.418,38.852,99.225,8.874,-101.429,2.445,32.321,38.95
579,26.0073,99.639,8.839,-99.418,2.065,33.418,38.852,99.224,8.876,-101.434,2.447,32.314,38.95
580,26.0541,99.639,8.839,-99.418,2.065,33.418,38.852,99.224,8.874,-101.43,2.445,32.303,38.95
581,26.097,99.639,8.839,-99.418,2.065,33.418,38.852,99.223,8.877,-101.432,2.445,32.313,38.95
582,26.1401,99.639,8.839,-99.418,2.065,33.418,38.852,99.226,8.876,-101.423,2.447,32.321,38.95
583,26.1852,99.639,8.839,-99.418,2.065,33.418,38.852,99.222,8.878,-101.425,2.452,32.312,38.95
584,26.2274,99.639,8.839,-99.418,2.065,33.418,38.852,99.224,8.88,-101.428,2.451,32.317,38.95
585,26.2704,99.639,8.839,-99.418,2.065,33.418,38.852,99.226,8.878,-101.423,2.455,32.311,38.95
586,26.3125,99.639,8.839,-99.418,2.065,33.418,38.852,99.224,8.881,-101.418,2.455,32.315,38.95
587,26.3577,99.639,8.839,-99.418,2.065,33.418,38.852,99.223,8.883,-101.419,2.456,32.337,38.95
588,26.3991,99.639,8.839,-99.418,2.065,33.418,38.852,99.224,8.885,-101.417,2.455,32.34,38.95
589,26.4417,99.639,8.839,-99.418,2.065,33.418,38.852,99.223,8.881,-101.422,2.459,32.364,38.95
590,26.4861,99.639,8.839,-99.418,2.065,33.418,38.852,99.223,8.883,-101.416,2.458,32.365,38.95
591,26.5287,99.639,8.839,-99.418,2.065,33.418,38.852,99.224,8.881,-101.414,2.455,32.372,38.95
592,26.5713,99.639,8.839,-99.418,2.065,33.418,38.852,99.222,8.874,-101.411,2.453,32.374,38.95
593,26.6132,99.639,8.839,-99.418,2.065,33.418,38.852,99.219,8.871,-101.399,2.454,32.354,38.95
594,26.6568,99.639,8.839,-99.418,2.065,33.418,38.852,99.22,8.872,-101.394,2.455,32.365,38.949
595,26.6982,99.639,8.839,-99.418,2.065,33.418,38.852,99.218,8.869,-101.392,2.456,32.358,38.949
596,26.7419,99.639,8.839,-99.418,2.065,33.418,38.852,99.217,8.869,-101.4,2.456,32.349,38.949
597,26.7851,99.639,8.839,-99.418,2.065,33.418,38.852,99.22,8.87,-101.404,2.454,32.36,38.949
598,26.8269,99.639,8.839,-99.418,2.065,33.418,38.852,99.221,8.869,-101.405,2.457,32.363,38.949
599,26.8693,99.639,8.839,-99.418,2.065,33.418,38.852,99.221,8.874,-101.402,2.462,32.349,38.949
600,26.9196,99.639,8.839,-99.418,2.065,33.418,38.852,99.221,8.875,-101.405,2.464,32.361,38.949
601,26.9616,99.639,8.839,-99.418,2.065,33.418,38.852,99.219,8.876,-101.41,2.468,32.362,38.949
602,27.0044,99.639,8.839,-99.418,2.065,33.418,38.852,99.222,8.876,-101.409,2.47,32.345,38.95
603,27.046,99.639,8.839,-99.418,2.065,33.418,38.852,99.22,8.875,-101.408,2.469,32.332,38.949
604,27.0894,99.639,8.839,-99.418,2.065,33.418,38.852,99.219,8.875,-101.41,2.469,32.345,38.949
605,27.1301,99.639,8.839,-99.418,2.065,33.418,38.852,99.215,8.873,-101.403,2.463,32.359,38.949
606,27.1722,99.639,8.839,-99.418,2.065,33.418,38.852,99.214,8.872,-101.406,2.465,32.367,38.949
607,27.2142,99.639,8.839,-99.418,2.065,33.418,38.852,99.215,8.872,-101.409,2.467,32.378,38.949
608,27.2581,99.639,8.839,-99.418,2.065,33.418,38.852,99.214,8.869,-101.413,2.467,32.395,38.949
609,27.2991,99.639,8.839,-99.418,2.065,33.418,38.852,99.213,8.87,-101.41,2.471,32.393,38.949
610,27.3413,99.639,8.839,-99.418,2.065,33.418,38.852,99.213,8.867,-101.406,2.47,32.409,38.949
611,27.386,99.639,8.839,-99.418,2.065,33.418,38.852,99.215,8.858,-101.405,2.471,32.402,38.948
612,27.4273,99.639,8.839,-99.418,2.065,33.418,38.852,99.214,8.863,-101.4,2.471,32.418,38.949
613,27.47,99.639,8.839,-99.418,2.065,33.418,38.852,99.216,8.856,-101.399,2.467,32.434,38.948
614,27.5119,99.639,8.839,-99.418,2.065,33.418,38.852,99.214,8.85,-101.396,2.46,32.442,38.948
615,27.556,99.639,8.839,-99.418,2.065,33.418,38.852,99.21,8.847,-101.393,2.458,32.45,38.948
616,27.5976,99.639,8.839,-99.418,2.065,33.418,38.852,99.212,8.845,-101.389,2.459,32.442,38.948
617,27.6403,99.639,8.839,-99.418,2.065,33.418,38.852,99.212,8.845,-101.392,2.459,32.459,38.948
618,27.6835,99.639,8.839,-99.418,2.065,33.418,38.852,99.211,8.841,-101.394,2.457,32.456,38.948
619,27.7273,99.639,8.839,-99.418,2.065,33.418,38.852,99.213,8.844,-101.397,2.46,32.451,38.948
620,27.769,99.639,8.839,-99.418,2.065,33.418,38.852,99.213,8.844,-101.397,2.46,32.44,38.948
621,27.8106,99.639,8.839,-99.418,2.065,33.418,38.852,99.213,8.846,-101.395,2.463,32.448,38.948
622,27.854,99.639,8.839,-99.418,2.065,33.418,38.852,99.215,8.851,-101.392,2.465,32.437,38.948
623,27.8955,99.639,8.839,-99.418,2.065,33.418,38.852,99.217,8.853,-101.395,2.471,32.427,38.948
624,27.9378,99.639,8.839,-99.418,2.065,33.418,38.852,99.219,8.855,-101.401,2.475,32.423,38.948
625,27.9796,99.639,8.839,-99.418,2.065,33.418,38.852,99.218,8.856,-101.404,2.478,32.425,38.948
626,28.0233,99.639,8.839,-99.418,2.065,33.418,38.852,99.218,8.855,-101.415,2.471,32.417,38.948
627,28.0646,99.639,8.839,-99.418,2.065,33.418,38.852,99.221,8.856,-101.409,2.47,32.397,38.949
628,28.1074,99.639,8.839,-99.418,2.065,33.418,38.852,99.222,8.86,-101.406,2.472,32.376,38.949
629,28.1516,99.639,8.839,-99.418,2.065,33.418,38.852,99.225,8.861,-101.411,2.478,32.376,38.949
630,28.1984,99.639,8.839,-99.418,2.065,33.418,38.852,99.224,8.862,-101.411,2.477,32.395,38.949
631,28.2418,99.639,8.839,-99.418,2.065,33.418,38.852,99.225,8.866,-101.413,2.48,32.389,38.949
632,28.2861,99.639,8.839,-99.418,2.065,33.418,38.852,99.227,8.863,-101.414,2.48,32.379,38.949
633,28.3277,99.639,8.839,-99.418,2.065,33.418,38.852,99.229,8.863,-101.42,2.48,32.376,38.949
634,28.3692,99.639,8.839,-99.418,2.065,33.418,38.852,99.226,8.866,-101.419,2.478,32.369,38.949
635,28.4105,99.639,8.839,-99.418,2.065,33.418,38.852,99.226,8.866,-101.411,2.477,32.379,38.949
636,28.4552,99.639,8.839,-99.418,2.065,33.418,38.852,99.227,8.87,-101.408,2.482,32.373,38.949
637,28.4993,99.639,8.839,-99.418,2.065,33.418,38.852,99.228,8.873,-101.415,2.484,32.372,38.949
638,28.5419,99.639,8.839,-99.418,2.065,33.418,38.852,99.23,8.879,-101.412,2.491,32.372,38.948
639,28.5868,99.639,8.839,-99.418,2.065,33.418,38.852,99.232,8.88,-101.415,2.493,32.381,38.948
640,28.6283,99.639,8.839,-99.418,2.065,33.418,38.852,99.232,8.88,-101.412,2.491,32.395,38.948
641,28.6691,99.639,8.839,-99.418,2.065,33.418,38.852,99.23,8.884,-101.408,2.496,32.39,38.948
642,28.7109,99.639,8.839,-99.418,2.065,33.418,38.852,99.229,8.881,-101.41,2.491,32.379,38.948
643,28.7544,99.639,8.839,-99.418,2.065,33.418,38.852,99.23,8.885,-101.41,2.496,32.374,38.948
644,28.7964,99.639,8.839,-99.418,2.065,33.418,38.852,99.228,8.885,-101.406,2.496,32.372,38.948
645,28.8398,99.639,8.839,-99.418,2.065,33.418,38.852,99.226,8.881,-101.403,2.494,32.383,38.948
646,28.8817,99.639,8.839,-99.418,2.065,33.418,38.852,99.229,8.883,-101.405,2.488,32.389,38.947
647,28.926,99.639,8.839,-99.418,2.065,33.418,38.852,99.228,8.883,-101.403,2.488,32.384,38.947
648,28.968,99.639,8.839,-99.418,2.065,33.418,38.852,99.232,8.884,-101.402,2.49,32.384,38.947
649,29.0093,99.639,8.839,-99.418,2.065,33.418,38.852,99.236,8.884,-101.408,2.493,32.373,38.947
650,29.0531,99.639,8.839,-99.418,2.065,33.418,38.852,99.236,8.883,-101.404,2.494,32.353,38.947
651,29.0952,99.639,8.839,-99.418,2.065,33.418,38.852,99.238,8.883,-101.409,2.497,32.333,38.947
652,29.1356,99.639,8.839,-99.418,2.065,33.418,38.852,99.241,8.882,-101.408,2.496,32.33,38.947
653,29.1771,99.639,8.839,-99.418,2.065,33.418,38.852,99.243,8.881,-101.413,2.499,32.336,38.947
654,29.2201,99.639,8.839,-99.418,2.065,33.418,38.852,99.242,8.881,-101.409,2.5,32.338,38.947
655,29.2623,99.639,8.839,-99.418,2.065,33.418,38.852,99.243,8.882,-101.405,2.494,32.344,38.947
656,29.3044,99.639,8.839,-99.418,2.065,33.418,38.852,99.243,8.878,-101.409,2.491,32.352,38.947
657,29.3457,99.639,8.839,-99.418,2.065,33.418,38.852,99.244,8.882,-101.407,2.49,32.349,38.947
658,29.3882,99.639,8.839,-99.418,2.065,33.418,38.852,99.245,8.88,-101.41,2.489,32.345,38.947
659,29.4289,99.639,8.839,-99.418,2.065,33.418,38.852,99.248,8.884,-101.413,2.493,32.331,38.948
660,29.4768,99.639,8.839,-99.418,2.065,33.418,38.852,99.247,8.885,-101.419,2.498,32.331,38.948
661,29.5217,99.639,8.839,-99.418,2.065,33.418,38.852,99.249,8.882,-101.427,2.5,32.328,38.948
662,29.5628,99.639,8.839,-99.418,2.065,33.418,38.852,99.249,8.883,-101.428,2.505,32.314,38.948
663,29.6039,99.639,8.839,-99.418,2.065,33.418,38.852,99.25,8.884,-101.437,2.502,32.329,38.948
664,29.6456,99.639,8.839,-99.418,2.065,33.418,38.852,99.255,8.885,-101.441,2.509,32.327,38.948
665,29.689,99.639,8.839,-99.418,2.065,33.418,38.852,99.255,8.884,-101.442,2.51,32.312,38.948
666,29.7311,99.639,8.839,-99.418,2.065,33.418,38.852,99.254,8.886,-101.443,2.505,32.322,38.948
667,29.7734,99.639,8.839,-99.418,2.065,33.418,38.852,99.255,8.881,-101.441,2.506,32.322,38.948
668,29.8155,99.639,8.839,-99.418,2.065,33.418,38.852,99.253,8.882,-101.444,2.502,32.329,38.948
669,29.8589,99.639,8.839,-99.418,2.065,33.418,38.852,99.251,8.882,-101.446,2.501,32.327,38.948
670,29.9002,99.639,8.839,-99.418,2.065,33.418,38.852,99.251,8.881,-101.445,2.5,32.32,38.948
671,29.9422,99.639,8.839,-99.418,2.065,33.418,38.852,99.254,8.882,-101.454,2.498,32.305,38.949
672,29.9856,99.639,8.839,-99.418,2.065,33.418,38.852,99.255,8.884,-101.452,2.498,32.304,38.949
673,30.03,99.639,8.839,-99.418,2.065,33.418,38.852,99.257,8.885,-101.454,2.494,32.308,38.949
674,30.0704,99.639,8.839,-99.418,2.065,33.418,38.852,99.258,8.887,-101.456,2.492,32.298,38.949
675,30.112,99.639,8.839,-99.418,2.065,33.418,38.852,99.261,8.886,-101.464,2.489,32.318,38.949
676,30.1555,99.639,8.839,-99.418,2.065,33.418,38.852,99.258,8.883,-101.472,2.486,32.323,38.948
677,30.1967,99.639,8.839,-99.418,2.065,33.418,38.852,99.259,8.884,-101.473,2.482,32.318,38.948
678,30.2398,99.639,8.839,-99.418,2.065,33.418,38.852,99.261,8.884,-101.469,2.48,32.298,38.949
679,30.2813,99.639,8.839,-99.418,2.065,33.418,38.852,99.264,8.884,-101.474,2.48,32.278,38.949
680,30.324,99.639,8.839,-99.418,2.065,33.418,38.852,99.264,8.884,-101.478,2.481,32.274,38.949
681,30.3651,99.639,8.839,-99.418,2.065,33.418,38.852,99.263,8.883,-101.473,2.479,32.27,38.949
682,30.407,99.639,8.839,-99.418,2.065,33.418,38.852,99.265,8.883,-101.474,2.477,32.257,38.949
683,30.4488,99.639,8.839,-99.418,2.065,33.418,38.852,99.264,8.883,-101.467,2.478,32.252,38.949
684,30.4931,99.639,8.839,-99.418,2.065,33.418,38.852,99.26,8.883,-101.469,2.477,32.249,38.949
685,30.5351,99.639,8.839,-99.418,2.065,33.418,38.852,99.26,8.882,-101.469,2.479,32.272,38.949
686,30.5775,99.639,8.839,-99.418,2.065,33.418,38.852,99.26,8.885,-101.465,2.485,32.254,38.949
687,30.6212,99.639,8.839,-99.418,2.065,33.418,38.852,99.259,8.883,-101.468,2.481,32.253,38.949
688,30.6624,99.639,8.839,-99.418,2.065,33.418,38.852,99.257,8.882,-101.472,2.481,32.256,38.949
689,30.7036,99.639,8.839,-99.418,2.065,33.418,38.852,99.255,8.88,-101.476,2.475,32.26,38.949
690,30.7518,99.639,8.839,-99.418,2.065,33.418,38.852,99.255,8.882,-101.478,2.474,32.269,38.949
691,30.7962,99.639,8.839,-99.418,2.065,33.418,38.852,99.252,8.881,-101.483,2.47,32.276,38.949
692,30.8367,99.639,8.839,-99.418,2.065,33.418,38.852,99.254,8.885,-101.482,2.472,32.264,38.949
693,30.8785,99.639,8.839,-99.418,2.065,33.418,38.852,99.255,8.887,-101.486,2.471,32.264,38.949
694,30.9233,99.639,8.839,-99.418,2.065,33.418,38.852,99.258,8.892,-101.481,2.476,32.258,38.949
695,30.9647,99.639,8.839,-99.418,2.065,33.418,38.852,99.256,8.89,-101.482,2.473,32.279,38.949
696,31.0081,99.639,8.839,-99.418,2.065,33.418,38.852,99.256,8.882,-101.483,2.476,32.287,38.949
697,31.0492,99.639,8.839,-99.418,2.065,33.418,38.852,99.256,8.883,-101.482,2.478,32.291,38.949
698,31.0928,99.639,8.839,-99.418,2.065,33.418,38.852,99.259,8.879,-101.481,2.482,32.296,38.949
699,31.1347,99.639,8.839,-99.418,2.065,33.418,38.852,99.259,8.882,-101.482,2.48,32.288,38.949
700,31.1781,99.639,8.839,-99.418,2.065,33.418,38.852,99.259,8.88,-101.477,2.484,32.305,38.948
701,31.2223,99.639,8.839,-99.418,2.065,33.418,38.852,99.259,8.876,-101.472,2.486,32.291,38.948
702,31.2645,99.639,8.839,-99.418,2.065,33.418,38.852,99.259,8.879,-101.471,2.49,32.29,38.948
703,31.3065,99.639,8.839,-99.418,2.065,33.418,38.852,99.258,8.878,-101.463,2.488,32.302,38.948
704,31.3478,99.639,8.839,-99.418,2.065,33.418,38.852,99.257,8.879,-101.461,2.489,32.306,38.949
705,31.3918,99.639,8.839,-99.418,2.065,33.418,38.852,99.257,8.878,-101.46,2.488,32.294,38.949
706,31.4336,99.639,8.839,-99.418,2.065,33.418,38.852,99.259,8.876,-101.463,2.489,32.294,38.949
707,31.4779,99.639,8.839,-99.418,2.065,33.418,38.852,99.257,8.878,-101.456,2.489,32.29,38.949
708,31.5238,99.639,8.839,-99.418,2.065,33.418,38.852,99.253,8.875,-101.451,2.483,32.284,38.948
709,31.5674,99.639,8.839,-99.418,2.065,33.418,38.852,99.255,8.877,-101.454,2.481,32.273,38.949
710,31.6105,99.639,8.839,-99.418,2.065,33.418,38.852,99.251,8.879,-101.449,2.478,32.258,38.949
711,31.6569,99.639,8.839,-99.418,2.065,33.418,38.852,99.254,8.881,-101.453,2.478,32.253,38.949
712,31.6993,99.639,8.839,-99.418,2.065,33.418,38.852,99.256,8.884,-101.453,2.482,32.243,38.949
713,31.7418,99.639,8.839,-99.418,2.065,33.418,38.852,99.26,8.885,-101.459,2.483,32.231,38.949
714,31.7844,99.639,8.839,-99.418,2.065,33.418,38.852,99.259,8.886,-101.461,2.486,32.23,38.949
715,31.8286,99.639,8.839,-99.418,2.065,33.418,38.852,99.261,8.886,-101.466,2.485,32.236,38.949
716,31.8701,99.639,8.839,-99.418,2.065,33.418,38.852,99.259,8.887,-101.474,2.484,32.243,38.949
717,31.9115,99.639,8.839,-99.418,2.065,33.418,38.852,99.258,8.885,-101.469,2.482,32.236,38.949
718,31.9558,99.639,8.839,-99.418,2.065,33.418,38.852,99.257,8.887,-101.469,2.483,32.25,38.948
719,31.9979,99.639,8.839,-99.418,2.065,33.418,38.852,99.256,8.89,-101.474,2.48,32.248,38.948
720,32.0449,99.639,8.839,-99.418,2.065,33.418,38.852,99.256,8.891,-101.47,2.479,32.264,38.948
721,32.0907,99.639,8.839,-99.418,2.065,33.418,38.852,99.255,8.887,-101.468,2.477,32.271,38.948
722,32.1334,99.639,8.839,-99.418,2.065,33.418,38.852,99.254,8.884,-101.469,2.473,32.268,38.948
723,32.1772,99.639,8.839,-99.418,2.065,33.418,38.852,99.255,8.882,-101.46,2.469,32.269,38.948
724,32.222,99.639,8.839,-99.418,2.065,33.418,38.852,99.253,8.881,-101.453,2.468,32.29,38.948
725,32.2657,99.639,8.839,-99.418,2.065,33.418,38.852,99.252,8.878,-101.453,2.47,32.315,38.948
726,32.308,99.639,8.839,-99.418,2.065,33.418,38.852,99.25,8.874,-101.449,2.465,32.311,38.947
727,32.3491,99.639,8.839,-99.418,2.065,33.418,38.852,99.25,8.878,-101.454,2.464,32.316,38.947
728,32.3926,99.639,8.839,-99.418,2.065,33.418,38.852,99.255,8.877,-101.454,2.467,32.319,38.947
729,32.4349,99.639,8.839,-99.418,2.065,33.418,38.852,99.254,8.875,-101.454,2.468,32.336,38.947
730,32.4779,99.639,8.839,-99.418,2.065,33.418,38.852,99.254,8.872,-101.459,2.466,32.328,38.947
731,32.5219,99.639,8.839,-99.418,2.065,33.418,38.852,99.252,8.872,-101.456,2.463,32.325,38.947
732,32.5647,99.639,8.839,-99.418,2.065,33.418,38.852,99.251,8.872,-101.451,2.465,32.328,38.947
733,32.6076,99.639,8.839,-99.418,2.065,33.418,38.852,99.255,8.871,-101.456,2.464,32.317,38.947
734,32.6499,99.639,8.839,-99.418,2.065,33.418,38.852,99.251,8.868,-101.458,2.46,32.334,38.947
735,32.6933,99.639,8.839,-99.418,2.065,33.418,38.852,99.248,8.87,-101.461,2.46,32.335,38.948
736,32.7355,99.639,8.839,-99.418,2.065,33.418,38.852,99.247,8.87,-101.455,2.461,32.343,38.948
737,32.7783,99.639,8.839,-99.418,2.065,33.418,38.852,99.247,8.87,-101.456,2.457,32.346,38.948
738,32.8234,99.639,8.839,-99.418,2.065,33.418,38.852,99.246,8.873,-101.455,2.461,32.355,38.947
739,32.8646,99.639,8.839,-99.418,2.065,33.418,38.852,99.243,8.869,-101.449,2.456,32.365,38.947
740,32.9055,99.639,8.839,-99.418,2.065,33.418,38.852,99.24,8.867,-101.446,2.459,32.38,38.947
741,32.9476,99.639,8.839,-99.418,2.065,33.418,38.852,99.242,8.865,-101.448,2.457,32.38,38.947
742,32.9907,99.639,8.839,-99.418,2.065,33.418,38.852,99.243,8.866,-101.45,2.459,32.385,38.947
743,33.0328,99.639,8.839,-99.418,2.065,33.418,38.852,99.243,8.861,-101.455,2.456,32.393,38.947
744,33.075,99.639,8.839,-99.418,2.065,33.418,38.852,99.242,8.862,-101.449,2.46,32.412,38.947
745,33.1164,99.639,8.839,-99.418,2.065,33.418,38.852,99.238,8.859,-101.447,2.463,32.436,38.947
746,33.1607,99.639,8.839,-99.418,2.065,33.418,38.852,99.238,8.858,-101.445,2.466,32.439,38.947
747,33.2019,99.639,8.839,-99.418,2.065,33.418,38.852,99.241,8.857,-101.444,2.465,32.433,38.947
748,33.2452,99.639,8.839,-99.418,2.065,33.418,38.852,99.237,8.858,-101.447,2.462,32.441,38.947
749,33.2896,99.639,8.839,-99.418,2.065,33.418,38.852,99.236,8.855,-101.444,2.46,32.445,38.947
750,33.3365,99.639,8.839,-99.418,2.065,33.418,38.852,99.239,8.857,-101.44,2.463,32.435,38.947
751,33.3795,99.639,8.839,-99.418,2.065,33.418,38.852,99.24,8.86,-101.446,2.464,32.443,38.947
752,33.4236,99.639,8.839,-99.418,2.065,33.418,38.852,99.242,8.864,-101.441,2.466,32.432,38.947
753,33.4652,99.639,8.839,-99.418,2.065,33.418,38.852,99.243,8.867,-101.442,2.467,32.423,38.947
754,33.5067,99.639,8.839,-99.418,2.065,33.418,38.852,99.245,8.867,-101.441,2.467,32.425,38.947
755,33.5488,99.639,8.839,-99.418,2.065,33.418,38.852,99.244,8.869,-101.447,2.468,32.424,38.947
756,33.5937,99.639,8.839,-99.418,2.065,33.418,38.852,99.246,8.869,-101.439,2.474,32.404,38.947
757,33.6348,99.639,8.839,-99.418,2.065,33.418,38.852,99.248,8.873,-101.439,2.478,32.398,38.947
758,33.6778,99.639,8.839,-99.418,2.065,33.418,38.852,99.25,8.877,-101.445,2.479,32.396,38.947
759,33.721,99.639,8.839,-99.418,2.065,33.418,38.852,99.25,8.878,-101.446,2.481,32.399,38.947
760,33.7646,99.639,8.839,-99.418,2.065,33.418,38.852,99.25,8.874,-101.448,2.481,32.402,38.947
761,33.8056,99.639,8.839,-99.418,2.065,33.418,38.852,99.251,8.874,-101.445,2.481,32.412,38.947
762,33.8473,99.639,8.839,-99.418,2.065,33.418,38.852,99.257,8.876,-101.447,2.482,32.39,38.947
763,33.8921,99.639,8.839,-99.418,2.065,33.418,38.852,99.254,8.88,-101.447,2.482,32.392,38.947
764,33.9346,99.639,8.839,-99.418,2.065,33.418,38.852,99.256,8.876,-101.442,2.481,32.404,38.947
765,33.9783,99.639,8.839,-99.418,2.065,33.418,38.852,99.257,8.874,-101.444,2.478,32.4,38.947
766,34.0227,99.639,8.839,-99.418,2.065,33.418,38.852,99.252,8.871,-101.445,2.475,32.42,38.947
767,34.0661,99.639,8.839,-99.418,2.065,33.418,38.852,99.253,8.876,-101.44,2.475,32.424,38.947
768,34.1089,99.639,8.839,-99.418,2.065,33.418,38.852,99.253,8.872,-101.436,2.472,32.422,38.947
769,34.1505,99.639,8.839,-99.418,2.065,33.418,38.852,99.248,8.872,-101.434,2.47,32.432,38.947
770,34.1942,99.639,8.839,-99.418,2.065,33.418,38.852,99.247,8.877,-101.437,2.469,32.444,38.947
771,34.236,99.639,8.839,-99.418,2.065,33.418,38.852,99.249,8.877,-101.437,2.47,32.448,38.947
772,34.2792,99.639,8.839,-99.418,2.065,33.418,38.852,99.25,8.881,-101.438,2.469,32.453,38.947
773,34.323,99.639,8.839,-99.418,2.065,33.418,38.852,99.244,8.88,-101.437,2.471,32.452,38.947
774,34.365,99.639,8.839,-99.418,2.065,33.418,38.852,99.244,8.883,-101.435,2.47,32.444,38.948
775,34.4069,99.639,8.839,-99.418,2.065,33.418,38.852,99.244,8.881,-101.432,2.468,32.441,38.948
776,34.449,99.639,8.839,-99.418,2.065,33.418,38.852,99.244,8.878,-101.428,2.468,32.447,38.948
777,34.493,99.639,8.839,-99.418,2.065,33.418,38.852,99.243,8.877,-101.434,2.471,32.449,38.948
778,34.535,99.639,8.839,-99.418,2.065,33.418,38.852,99.243,8.88,-101.431,2.472,32.444,38.948
779,34.5777,99.639,8.839,-99.418,2.065,33.418,38.852,99.243,8.882,-101.423,2.472,32.44,38.948
780,34.6309,99.639,8.839,-99.418,2.065,33.418,38.852,99.241,8.885,-101.428,2.478,32.446,38.948
781,34.673,99.639,8.839,-99.418,2.065,33.418,38.852,99.241,8.883,-101.432,2.477,32.444,38.948
782,34.715,99.639,8.839,-99.418,2.065,33.418,38.852,99.245,8.887,-101.434,2.479,32.433,38.948
783,34.7592,99.639,8.839,-99.418,2.065,33.418,38.852,99.244,8.891,-101.434,2.474,32.428,38.949
784,34.8003,99.639,8.839,-99.418,2.065,33.418,38.852,99.245,8.89,-101.433,2.475,32.436,38.949
785,34.8425,99.639,8.839,-99.418,2.065,33.418,38.852,99.243,8.889,-101.44,2.474,32.446,38.949
786,34.8839,99.639,8.839,-99.418,2.065,33.418,38.852,99.245,8.889,-101.438,2.472,32.442,38.949
787,34.9275,99.639,8.839,-99.418,2.065,33.418,38.852,99.24,8.889,-101.438,2.475,32.465,38.949
788,34.9686,99.639,8.839,-99.418,2.065,33.418,38.852,99.235,8.889,-101.439,2.469,32.478,38.949
789,35.0104,99.639,8.839,-99.418,2.065,33.418,38.852,99.233,8.89,-101.434,2.47,32.467,38.949
790,35.053,99.639,8.839,-99.418,2.065,33.418,38.852,99.234,8.883,-101.437,2.468,32.45,38.949
791,35.0967,99.639,8.839,-99.418,2.065,33.418,38.852,99.235,8.881,-101.443,2.464,32.453,38.949
792,35.1387,99.639,8.839,-99.418,2.065,33.418,38.852,99.238,8.881,-101.444,2.465,32.444,38.949
793,35.1807,99.639,8.839,-99.418,2.065,33.418,38.852,99.236,8.879,-101.448,2.464,32.458,38.949
794,35.2247,99.639,8.839,-99.418,2.065,33.418,38.852,99.238,8.876,-101.447,2.46,32.432,38.948
795,35.2669,99.639,8.839,-99.418,2.065,33.418,38.852,99.238,8.876,-101.447,2.46,32.438,38.949
796,35.3095,99.639,8.839,-99.418,2.065,33.418,38.852,99.237,8.876,-101.45,2.46,32.445,38.948
797,35.3507,99.639,8.839,-99.418,2.065,33.418,38.852,99.234,8.873,-101.443,2.46,32.436,38.948
798,35.394,99.639,8.839,-99.418,2.065,33.418,38.852,99.234,8.871,-101.441,2.455,32.439,38.948
799,35.4352,99.639,8.839,-99.418,2.065,33.418,38.852,99.233,8.874,-101.441,2.453,32.444,38.948
800,35.4778,99.639,8.839,-99.418,2.065,33.418,38.852,99.235,8.872,-101.444,2.457,32.441,38.948
801,35.5204,99.639,8.839,-99.418,2.065,33.418,38.852,99.236,8.872,-101.443,2.459,32.437,38.948
802,35.5641,99.639,8.839,-99.418,2.065,33.418,38.852,99.237,8.871,-101.444,2.455,32.439,38.948
803,35.6052,99.639,8.839,-99.418,2.065,33.418,38.852,99.234,8.872,-101.445,2.455,32.442,38.948
804,35.6476,99.639,8.839,-99.418,2.065,33.418,38.852,99.237,8.87,-101.45,2.456,32.447,38.948
805,35.6923,99.639,8.839,-99.418,2.065,33.418,38.852,99.238,8.873,-101.45,2.462,32.445,38.948
806,35.7333,99.639,8.839,-99.418,2.065,33.418,38.852,99.235,8.874,-101.446,2.464,32.455,38.948
807,35.7762,99.639,8.839,-99.418,2.065,33.418,38.852,99.238,8.877,-101.453,2.467,32.444,38.948
808,35.8178,99.639,8.839,-99.418,2.065,33.418,38.852,99.241,8.877,-101.453,2.471,32.448,38.948
809,35.8613,99.639,8.839,-99.418,2.065,33.418,38.852,99.242,8.877,-101.459,2.469,32.461,38.948
810,35.9083,99.639,8.839,-99.418,2.065,33.418,38.852,99.242,8.881,-101.458,2.472,32.464,38.948
811,35.951,99.639,8.839,-99.418,2.065,33.418,38.852,99.241,8.88,-101.454,2.471,32.46,38.948
812,35.9961,99.639,8.839,-99.418,2.065,33.418,38.852,99.239,8.88,-101.45,2.473,32.475,38.948
813,36.0381,99.639,8.839,-99.418,2.065,33.418,38.852,99.24,8.878,-101.452,2.475,32.474,38.948
814,36.0825,99.639,8.839,-99.418,2.065,33.418,38.852,99.238,8.878,-101.449,2.471,32.483,38.948
815,36.1267,99.639,8.839,-99.418,2.065,33.418,38.852,99.234,8.874,-101.445,2.471,32.499,38.948
816,36.1678,99.639,8.839,-99.418,2.065,33.418,38.852,99.233,8.873,-101.443,2.467,32.496,38.947
817,36.211,99.639,8.839,-99.418,2.065,33.418,38.852,99.235,8.874,-101.45,2.47,32.5,38.947
818,36.2541,99.639,8.839,-99.418,2.065,33.418,38.852,99.237,8.871,-101.446,2.471,32.482,38.947
819,36.2984,99.639,8.839,-99.418,2.065,33.418,38.852,99.233,8.867,-101.45,2.47,32.483,38.947
820,36.3404,99.639,8.839,-99.418,2.065,33.418,38.852,99.232,8.862,-101.447,2.468,32.507,38.947
821,36.382,99.639,8.839,-99.418,2.065,33.418,38.852,99.232,8.865,-101.442,2.473,32.501,38.947
822,36.4263,99.639,8.839,-99.418,2.065,33.418,38.852,99.231,8.863,-101.448,2.471,32.508,38.948
823,36.4676,99.639,8.839,-99.418,2.065,33.418,38.852,99.234,8.863,-101.452,2.472,32.506,38.948
824,36.5106,99.639,8.839,-99.418,2.065,33.418,38.852,99.235,8.864,-101.444,2.475,32.498,38.948
825,36.5521,99.639,8.839,-99.418,2.065,33.418,38.852,99.235,8.862,-101.446,2.478,32.502,38.948
826,36.5955,99.639,8.839,-99.418,2.065,33.418,38.852,99.232,8.861,-101.448,2.479,32.509,38.948
827,36.6378,99.639,8.839,-99.418,2.065,33.418,38.852,99.234,8.864,-101.443,2.483,32.503,38.948
828,36.6809,99.639,8.839,-99.418,2.065,33.418,38.852,99.233,8.866,-101.447,2.487,32.516,38.948
829,36.7263,99.639,8.839,-99.418,2.065,33.418,38.852,99.233,8.86,-101.449,2.481,32.517,38.948
830,36.7683,99.639,8.839,-99.418,2.065,33.418,38.852,99.235,8.863,-101.447,2.478,32.511,38.948
831,36.811,99.639,8.839,-99.418,2.065,33.418,38.852,99.232,8.864,-101.446,2.478,32.524,38.948
832,36.8536,99.639,8.839,-99.418,2.065,33.418,38.852,99.236,8.866,-101.442,2.484,32.498,38.948
833,36.8985,99.639,8.839,-99.418,2.065,33.418,38.852,99.238,8.865,-101.445,2.484,32.485,38.948
834,36.9393,99.639,8.839,-99.418,2.065,33.418,38.852,99.238,8.867,-101.448,2.483,32.467,38.948
835,36.9816,99.639,8.839,-99.418,2.065,33.418,38.852,99.239,8.87,-101.441,2.486,32.457,38.948
836,37.0262,99.639,8.839,-99.418,2.065,33.418,38.852,99.243,8.871,-101.45,2.487,32.442,38.948
837,37.0682,99.639,8.839,-99.418,2.065,33.418,38.852,99.245,8.868,-101.441,2.485,32.429,38.948
838,37.1111,99.639,8.839,-99.418,2.065,33.418,38.852,99.244,8.871,-101.434,2.489,32.422,38.948
839,37.1527,99.639,8.839,-99.418,2.065,33.418,38.852,99.246,8.87,-101.432,2.488,32.411,38.948
840,37.2003,99.639,8.839,-99.418,2.065,33.418,38.852,99.249,8.871,-101.439,2.492,32.396,38.948
841,37.2423,99.639,8.839,-99.418,2.065,33.418,38.852,99.254,8.873,-101.438,2.489,32.39,38.948
842,37.284,99.639,8.839,-99.418,2.065,33.418,38.852,99.252,8.871,-101.436,2.487,32.38,38.948
843,37.3274,99.639,8.839,-99.418,2.065,33.418,38.852,99.254,8.877,-101.437,2.492,32.351,38.949
844,37.3696,99.639,8.839,-99.418,2.065,33.418,38.852,99.252,8.876,-101.435,2.487,32.365,38.949
845,37.4125,99.639,8.839,-99.418,2.065,33.418,38.852,99.252,8.875,-101.43,2.484,32.364,38.949
846,37.4549,99.639,8.839,-99.418,2.065,33.418,38.852,99.249,8.873,-101.431,2.487,32.381,38.949
847,37.4983,99.639,8.839,-99.418,2.065,33.418,38.852,99.251,8.877,-101.436,2.486,32.374,38.949
848,37.5395,99.639,8.839,-99.418,2.065,33.418,38.852,99.252,8.878,-101.433,2.483,32.366,38.949
849,37.5828,99.639,8.839,-99.418,2.065,33.418,38.852,99.252,8.875,-101.428,2.482,32.37,38.949
850,37.6273,99.639,8.839,-99.418,2.065,33.418,38.852,99.254,8.881,-101.431,2.483,32.372,38.949
851,37.6694,99.639,8.839,-99.418,2.065,33.418,38.852,99.254,8.881,-101.431,2.486,32.376,38.949
852,37.7117,99.639,8.839,-99.418,2.065,33.418,38.852,99.254,8.884,-101.437,2.486,32.373,38.949
853,37.7528,99.639,8.839,-99.418,2.065,33.418,38.852,99.253,8.882,-101.434,2.486,32.375,38.949
854,37.7963,99.639,8.839,-99.418,2.065,33.418,38.852,99.255,8.885,-101.432,2.489,32.373,38.949
855,37.8386,99.639,8.839,-99.418,2.065,33.418,38.852,99.256,8.887,-101.436,2.488,32.376,38.949
856,37.8819,99.639,8.839,-99.418,2.065,33.418,38.852,99.256,8.889,-101.435,2.486,32.362,38.948
857,37.9262,99.639,8.839,-99.418,2.065,33.418,38.852,99.257,8.886,-101.436,2.482,32.36,38.948
858,37.9691,99.639,8.839,-99.418,2.065,33.418,38.852,99.256,8.886,-101.443,2.486,32.339,38.949
859,38.0127,99.639,8.839,-99.418,2.065,33.418,38.852,99.257,8.885,-101.444,2.486,32.357,38.948
860,38.0551,99.639,8.839,-99.418,2.065,33.418,38.852,99.258,8.887,-101.442,2.489,32.352,38.948
861,38.0994,99.639,8.839,-99.418,2.065,33.418,38.852,99.258,8.888,-101.443,2.489,32.35,38.948
862,38.1402,99.639,8.839,-99.418,2.065,33.418,38.852,99.256,8.886,-101.441,2.494,32.362,38.948
863,38.1829,99.639,8.839,-99.418,2.065,33.418,38.852,99.259,8.882,-101.457,2.495,32.355,38.948
864,38.2277,99.639,8.839,-99.418,2.065,33.418,38.852,99.26,8.886,-101.448,2.5,32.328,38.948
865,38.2698,99.639,8.839,-99.418,2.065,33.418,38.852,99.259,8.886,-101.46,2.496,32.346,38.948
866,38.3122,99.639,8.839,-99.418,2.065,33.418,38.852,99.259,8.881,-101.469,2.491,32.341,38.948
867,38.3539,99.639,8.839,-99.418,2.065,33.418,38.852,99.259,8.881,-101.47,2.487,32.343,38.948
868,38.3982,99.639,8.839,-99.418,2.065,33.418,38.852,99.256,8.881,-101.465,2.485,32.345,38.948
869,38.4401,99.639,8.839,-99.418,2.065,33.418,38.852,99.256,8.882,-101.464,2.483,32.334,38.948
870,38.4865,99.639,8.839,-99.418,2.065,33.418,38.852,99.253,8.879,-101.462,2.483,32.337,38.948
871,38.5305,99.639,8.839,-99.418,2.065,33.418,38.852,99.25,8.875,-101.454,2.482,32.334,38.948
872,38.572,99.639,8.839,-99.418,2.065,33.418,38.852,99.252,8.878,-101.451,2.485,32.325,38.948
873,38.6148,99.639,8.839,-99.418,2.065,33.418,38.852,99.251,8.878,-101.45,2.485,32.344,38.948
874,38.6588,99.639,8.839,-99.418,2.065,33.418,38.852,99.25,8.869,-101.447,2.484,32.345,38.948
875,38.7024,99.639,8.839,-99.418,2.065,33.418,38.852,99.251,8.873,-101.452,2.488,32.343,38.948
876,38.7459,99.639,8.839,-99.418,2.065,33.418,38.852,99.253,8.874,-101.453,2.489,32.334,38.948
877,38.7886,99.639,8.839,-99.418,2.065,33.418,38.852,99.249,8.872,-101.456,2.484,32.348,38.948
878,38.8329,99.639,8.839,-99.418,2.065,33.418,38.852,99.249,8.869,-101.442,2.485,32.372,38.947
879,38.875,99.639,8.839,-99.418,2.065,33.418,38.852,99.249,8.872,-101.44,2.486,32.367,38.947
880,38.9172,99.639,8.839,-99.418,2.065,33.418,38.852,99.245,8.87,-101.443,2.484,32.372,38.947
881,38.9613,99.639,8.839,-99.418,2.065,33.418,38.852,99.243,8.872,-101.449,2.484,32.364,38.948
882,39.0031,99.639,8.839,-99.418,2.065,33.418,38.852,99.245,8.873,-101.452,2.485,32.37,38.948
883,39.0478,99.639,8.839,-99.418,2.065,33.418,38.852,99.245,8.876,-101.445,2.486,32.362,38.948
884,39.0935,99.639,8.839,-99.418,2.065,33.418,38.852,99.244,8.874,-101.455,2.481,32.353,38.948
885,39.1369,99.639,8.839,-99.418,2.065,33.418,38.852,99.244,8.88,-101.462,2.488,32.358,38.948
886,39.1809,99.639,8.839,-99.418,2.065,33.418,38.852,99.245,8.883,-101.461,2.486,32.351,38.948
887,39.2265,99.639,8.839,-99.418,2.065,33.418,38.852,99.245,8.883,-101.471,2.492,32.338,38.948
888,39.2685,99.639,8.839,-99.418,2.065,33.418,38.852,99.243,8.88,-101.462,2.49,32.348,38.948
889,39.311,99.639,8.839,-99.418,2.065,33.418,38.852,99.243,8.881,-101.464,2.489,32.343,38.948
890,39.3545,99.639,8.839,-99.418,2.065,33.418,38.852,99.243,8.883,-101.456,2.488,32.351,38.948
891,39.3999,99.639,8.839,-99.418,2.065,33.418,38.852,99.242,8.881,-101.466,2.49,32.346,38.948
892,39.4425,99.639,8.839,-99.418,2.065,33.418,38.852,99.241,8.88,-101.465,2.492,32.359,38.948
893,39.4853,99.639,8.839,-99.418,2.065,33.418,38.852,99.239,8.879,-101.472,2.49,32.367,38.948
894,39.5305,99.639,8.839,-99.418,2.065,33.418,38.852,99.237,8.884,-101.469,2.493,32.377,38.948
895,39.5731,99.639,8.839,-99.418,2.065,33.418,38.852,99.237,8.882,-101.47,2.491,32.374,38.948
896,39.6163,99.639,8.839,-99.418,2.065,33.418,38.852,99.238,8.883,-101.466,2.493,32.366,38.948
897,39.6626,99.639,8.839,-99.418,2.065,33.418,38.852,99.236,8.886,-101.466,2.494,32.382,38.948
898,39.7045,99.639,8.839,-99.418,2.065,33.418,38.852,99.237,8.889,-101.464,2.494,32.375,38.948
899,39.7483,99.639,8.839,-99.418,2.065,33.418,38.852,99.236,8.886,-101.467,2.494,32.361,38.948
900,39.7998,99.639,8.839,-99.418,2.065,33.418,38.852,99.237,8.886,-101.47,2.492,32.358,38.948
901,39.8444,99.639,8.839,-99.418,2.065,33.418,38.852,99.239,8.891,-101.476,2.498,32.349,38.948
902,39.8861,99.639,8.839,-99.418,2.065,33.418,38.852,99.239,8.895,-101.482,2.499,32.333,38.948
903,39.9287,99.639,8.839,-99.418,2.065,33.418,38.852,99.243,8.898,-101.481,2.504,32.324,38.949
904,39.9699,99.639,8.839,-99.418,2.065,33.418,38.852,99.238,8.897,-101.481,2.508,32.331,38.949
905,40.0127,99.639,8.839,-99.418,2.065,33.418,38.852,99.237,8.896,-101.478,2.511,32.346,38.949
