ep,onset,arrive,grasp,length,grasp_pan,grasp_lift,grasp_elbow,grasp_wflex,grasp_wroll,grasp_grip
0,88,197,276,434,-5.973451137542725,67.0549087524414,18.284423828125,-84.4585952758789,38.85226058959961,47.840755462646484
1,74,219,285,447,-24.11504364013672,76.62229919433594,-17.742664337158203,-54.05520248413086,38.85226058959961,47.840755462646484
2,47,199,290,455,-14.159292221069336,72.62895202636719,-12.505642890930176,-61.104034423828125,39.0476188659668,47.70580291748047
3,52,145,227,357,-3.6873157024383545,68.30282592773438,-6.275394916534424,-55.83864212036133,39.096458435058594,47.77328109741211
4,51,147,223,388,3.761061906814575,75.12479400634766,-24.514673233032227,-47.261146545410156,38.901100158691406,47.908233642578125
5,61,350,447,589,10.10324478149414,72.71214294433594,-37.155757904052734,-25.265392303466797,38.80341720581055,47.908233642578125
6,37,195,256,410,20.35398292541504,76.53910064697266,-29.209932327270508,-44.45859909057617,38.85226058959961,47.9757080078125
7,44,171,248,390,27.65486717224121,68.0532455444336,-8.442438125610352,-53.12101745605469,38.80341720581055,47.77328109741211
8,45,219,281,433,25.147493362426758,69.96672058105469,-6.275394916534424,-59.91507339477539,38.85226058959961,47.77328109741211
9,46,208,269,424,22.78761100769043,66.6389389038086,2.031602621078491,-66.02972412109375,38.85226058959961,47.77328109741211
10,60,168,231,357,15.191740036010742,62.47920227050781,17.11060905456543,-69.7664566040039,38.85226058959961,47.77328109741211
11,47,140,214,331,6.0471978187561035,59.567386627197266,20.180587768554688,-69.42675018310547,39.19413757324219,47.908233642578125
12,55,149,218,342,0.3687315583229065,61.81364440917969,36.52370071411133,-89.12950897216797,38.80341720581055,47.840755462646484
13,50,134,184,295,-5.604719638824463,56.655574798583984,56.74943542480469,-98.89596557617188,39.14529800415039,47.77328109741211
14,62,267,331,445,-17.625368118286133,60.898502349853516,48.71331787109375,-98.81104278564453,38.80341720581055,47.77328109741211
15,44,198,254,387,-24.705015182495117,58.818634033203125,52.68622970581055,-97.8768539428711,38.85226058959961,47.840755462646484
16,77,314,378,518,-35.76696014404297,60.56572341918945,50.24830627441406,-99.57537078857422,39.14529800415039,47.840755462646484
17,50,181,410,527,-44.69026565551758,-12.22961711883545,96.38825988769531,-32.90870666503906,33.089134216308594,47.840755462646484
18,48,229,301,406,-7.30088472366333,-25.5407657623291,98.82618713378906,-20.764331817626953,39.38949966430664,47.77328109741211
19,39,155,242,349,12.241888046264648,-9.733777046203613,98.82618713378906,-44.88322830200195,39.0476188659668,47.70580291748047
20,50,157,223,360,23.598819732666016,36.68885040283203,63.9729118347168,-69.08705139160156,39.0476188659668,47.840755462646484
21,51,171,260,397,31.489675521850586,55.1580696105957,37.96839904785156,-81.14649963378906,38.998779296875,47.77328109741211
22,59,123,214,367,36.8731575012207,6.821963310241699,78.78103637695312,-40.891719818115234,39.0476188659668,47.908233642578125
23,50,239,301,442,-24.11504364013672,66.6389389038086,-0.22573363780975342,-55.41401290893555,39.38949966430664,47.840755462646484
24,35,116,194,333,-15.781710624694824,57.15474319458008,19.277652740478516,-61.35881042480469,39.0476188659668,47.9757080078125
25,43,118,184,320,-7.66961669921875,55.24126434326172,13.860045433044434,-49.29936218261719,38.998779296875,47.9757080078125
26,54,222,234,360,2.8023598194122314,52.49584197998047,10.519186973571777,-41.57112503051758,39.0476188659668,47.908233642578125
27,52,229,263,431,13.643068313598633,72.1297836303711,-13.137697219848633,-56.1783447265625,38.998779296875,47.908233642578125
28,67,156,240,394,23.303834915161133,58.652244567871094,5.7336344718933105,-52.52653884887695,38.998779296875,47.70580291748047
29,49,125,205,346,-27.728612899780273,50.24958419799805,55.03385925292969,-80.97664642333984,38.998779296875,47.908233642578125
30,40,184,260,376,-20.4277286529541,4.409317970275879,94.58238983154297,-53.46072006225586,39.29182052612305,47.77328109741211
31,58,217,287,398,7.817109107971191,-8.153078079223633,90.42889404296875,-34.4373664855957,39.096458435058594,47.908233642578125
32,66,237,319,449,23.23008918762207,30.532445907592773,68.21670532226562,-68.15286254882812,39.0476188659668,47.840755462646484
33,48,234,261,442,32.89085388183594,57.73710632324219,12.505642890930176,-62.03821563720703,38.998779296875,47.77328109741211
34,69,277,363,483,-41.371681213378906,2.745424270629883,86.72686004638672,-39.78768539428711,38.998779296875,47.908233642578125
35,46,201,328,484,-37.315635681152344,4.409317970275879,66.2302474975586,-20.594480514526367,38.998779296875,47.908233642578125
36,88,220,318,515,-22.271387100219727,55.1580696105957,3.566591501235962,-37.66454315185547,39.340660095214844,47.908233642578125
37,73,194,272,407,-0.6637167930603027,15.640599250793457,66.95259857177734,-47.346073150634766,38.998779296875,47.908233642578125
38,46,235,303,489,22.050148010253906,21.131446838378906,63.79232406616211,-52.866241455078125,38.9499397277832,47.908233642578125
39,50,235,325,480,-17.99410057067871,37.27121353149414,67.7652359008789,-77.57962036132812,39.29182052612305,47.908233642578125
40,46,218,295,426,-14.528023719787598,12.97836971282959,59.09706497192383,-24.161357879638672,39.0476188659668,47.77328109741211
41,80,166,240,389,6.637167930603027,13.976705551147461,57.65237045288086,-25.265392303466797,39.0476188659668,47.908233642578125
42,83,183,282,433,26.54867172241211,63.560733795166016,17.291196823120117,-78.93843078613281,38.998779296875,47.840755462646484
43,49,319,435,612,13.938053131103516,78.20299530029297,-45.73363494873047,-22.12314224243164,38.998779296875,47.77328109741211
44,53,216,316,470,-3.466076612472534,73.7936782836914,-36.61399459838867,-25.09554100036621,39.0476188659668,47.77328109741211
45,59,312,398,546,-17.55162239074707,87.7703857421875,-67.58464813232422,-6.0721869468688965,39.0476188659668,47.840755462646484
46,60,197,346,485,33.40707778930664,46.589019775390625,54.04063034057617,-79.95753479003906,38.998779296875,47.77328109741211
47,74,395,493,664,-43.8053092956543,24.708818435668945,93.40857696533203,-65.18046569824219,36.31257629394531,47.70580291748047
48,52,418,492,679,19.174041748046875,45.17470932006836,83.83747100830078,-96.1783447265625,38.510379791259766,47.840755462646484
